,country,year,children/woman
0,Afghanistan,2000,7.49
1,Afghanistan,2001,7.39
2,Afghanistan,2002,7.27
3,Afghanistan,2003,7.14
4,Afghanistan,2004,6.99
5,Afghanistan,2005,6.83
6,Afghanistan,2006,6.65
7,Afghanistan,2007,6.46
8,Afghanistan,2008,6.25
9,Afghanistan,2009,6.04
10,Afghanistan,2010,5.82
11,Albania,2000,2.16
12,Albania,2001,2.07
13,Albania,2002,1.98
14,Albania,2003,1.9
15,Albania,2004,1.82
16,Albania,2005,1.75
17,Albania,2006,1.7
18,Albania,2007,1.67
19,Albania,2008,1.65
20,Albania,2009,1.65
21,Albania,2010,1.65
22,Algeria,2000,2.51
23,Algeria,2001,2.44
24,Algeria,2002,2.4
25,Algeria,2003,2.41
26,Algeria,2004,2.44
27,Algeria,2005,2.5
28,Algeria,2006,2.58
29,Algeria,2007,2.66
30,Algeria,2008,2.75
31,Algeria,2009,2.83
32,Algeria,2010,2.89
33,Angola,2000,6.64
34,Angola,2001,6.6
35,Angola,2002,6.57
36,Angola,2003,6.54
37,Angola,2004,6.5
38,Angola,2005,6.47
39,Angola,2006,6.42
40,Angola,2007,6.37
41,Angola,2008,6.31
42,Angola,2009,6.24
43,Angola,2010,6.16
44,Antigua and Barbuda,2000,2.32
45,Antigua and Barbuda,2001,2.31
46,Antigua and Barbuda,2002,2.29
47,Antigua and Barbuda,2003,2.27
48,Antigua and Barbuda,2004,2.25
49,Antigua and Barbuda,2005,2.22
50,Antigua and Barbuda,2006,2.2
51,Antigua and Barbuda,2007,2.18
52,Antigua and Barbuda,2008,2.16
53,Antigua and Barbuda,2009,2.15
54,Antigua and Barbuda,2010,2.13
55,Argentina,2000,2.56
56,Argentina,2001,2.54
57,Argentina,2002,2.52
58,Argentina,2003,2.5
59,Argentina,2004,2.47
60,Argentina,2005,2.45
61,Argentina,2006,2.43
62,Argentina,2007,2.41
63,Argentina,2008,2.4
64,Argentina,2009,2.38
65,Argentina,2010,2.37
66,Armenia,2000,1.3
67,Armenia,2001,1.2
68,Armenia,2002,1.2
69,Armenia,2003,1.4
70,Armenia,2004,1.4
71,Armenia,2005,1.4
72,Armenia,2006,1.3
73,Armenia,2007,1.4
74,Armenia,2008,1.4
75,Armenia,2009,1.6
76,Armenia,2010,1.55
77,Australia,2000,1.76
78,Australia,2001,1.76
79,Australia,2002,1.78
80,Australia,2003,1.79
81,Australia,2004,1.82
82,Australia,2005,1.86
83,Australia,2006,1.89
84,Australia,2007,1.92
85,Australia,2008,1.94
86,Australia,2009,1.94
87,Australia,2010,1.93
88,Austria,2000,1.37
89,Austria,2001,1.33
90,Austria,2002,1.39
91,Austria,2003,1.38
92,Austria,2004,1.42
93,Austria,2005,1.41
94,Austria,2006,1.41
95,Austria,2007,1.38
96,Austria,2008,1.41
97,Austria,2009,1.39
98,Austria,2010,1.44
99,Azerbaijan,2000,2.03
100,Azerbaijan,2001,1.96
101,Azerbaijan,2002,1.91
102,Azerbaijan,2003,1.87
103,Azerbaijan,2004,1.84
104,Azerbaijan,2005,1.82
105,Azerbaijan,2006,1.82
106,Azerbaijan,2007,1.84
107,Azerbaijan,2008,1.87
108,Azerbaijan,2009,1.91
109,Azerbaijan,2010,1.96
110,Bahamas,2000,2.07
111,Bahamas,2001,1.99
112,Bahamas,2002,1.93
113,Bahamas,2003,1.89
114,Bahamas,2004,1.86
115,Bahamas,2005,1.86
116,Bahamas,2006,1.87
117,Bahamas,2007,1.87
118,Bahamas,2008,1.88
119,Bahamas,2009,1.88
120,Bahamas,2010,1.87
121,Bahrain,2000,2.77
122,Bahrain,2001,2.72
123,Bahrain,2002,2.67
124,Bahrain,2003,2.6
125,Bahrain,2004,2.53
126,Bahrain,2005,2.45
127,Bahrain,2006,2.37
128,Bahrain,2007,2.29
129,Bahrain,2008,2.23
130,Bahrain,2009,2.18
131,Bahrain,2010,2.14
132,Bangladesh,2000,3.12
133,Bangladesh,2001,3.01
134,Bangladesh,2002,2.91
135,Bangladesh,2003,2.8
136,Bangladesh,2004,2.7
137,Bangladesh,2005,2.61
138,Bangladesh,2006,2.52
139,Bangladesh,2007,2.44
140,Bangladesh,2008,2.38
141,Bangladesh,2009,2.32
142,Bangladesh,2010,2.28
143,Barbados,2000,1.74
144,Barbados,2001,1.75
145,Barbados,2002,1.75
146,Barbados,2003,1.75
147,Barbados,2004,1.76
148,Barbados,2005,1.76
149,Barbados,2006,1.76
150,Barbados,2007,1.77
151,Barbados,2008,1.77
152,Barbados,2009,1.78
153,Barbados,2010,1.78
154,Belarus,2000,1.24
155,Belarus,2001,1.24
156,Belarus,2002,1.24
157,Belarus,2003,1.26
158,Belarus,2004,1.29
159,Belarus,2005,1.32
160,Belarus,2006,1.36
161,Belarus,2007,1.4
162,Belarus,2008,1.45
163,Belarus,2009,1.5
164,Belarus,2010,1.54
165,Belgium,2000,1.63
166,Belgium,2001,1.65
167,Belgium,2002,1.68
168,Belgium,2003,1.7
169,Belgium,2004,1.73
170,Belgium,2005,1.76
171,Belgium,2006,1.78
172,Belgium,2007,1.8
173,Belgium,2008,1.81
174,Belgium,2009,1.81
175,Belgium,2010,1.81
176,Belize,2000,3.6
177,Belize,2001,3.5
178,Belize,2002,3.39
179,Belize,2003,3.28
180,Belize,2004,3.18
181,Belize,2005,3.07
182,Belize,2006,2.98
183,Belize,2007,2.89
184,Belize,2008,2.82
185,Belize,2009,2.76
186,Belize,2010,2.72
187,Benin,2000,5.96
188,Benin,2001,5.89
189,Benin,2002,5.82
190,Benin,2003,5.75
191,Benin,2004,5.69
192,Benin,2005,5.63
193,Benin,2006,5.58
194,Benin,2007,5.52
195,Benin,2008,5.47
196,Benin,2009,5.42
197,Benin,2010,5.36
198,Bhutan,2000,3.6
199,Bhutan,2001,3.42
200,Bhutan,2002,3.24
201,Bhutan,2003,3.09
202,Bhutan,2004,2.95
203,Bhutan,2005,2.84
204,Bhutan,2006,2.73
205,Bhutan,2007,2.64
206,Bhutan,2008,2.55
207,Bhutan,2009,2.46
208,Bhutan,2010,2.38
209,Bolivia,2000,4.06
210,Bolivia,2001,3.96
211,Bolivia,2002,3.87
212,Bolivia,2003,3.77
213,Bolivia,2004,3.68
214,Bolivia,2005,3.6
215,Bolivia,2006,3.51
216,Bolivia,2007,3.43
217,Bolivia,2008,3.35
218,Bolivia,2009,3.27
219,Bolivia,2010,3.2
220,Bosnia and Herzegovina,2000,1.5
221,Bosnia and Herzegovina,2001,1.43
222,Bosnia and Herzegovina,2002,1.37
223,Bosnia and Herzegovina,2003,1.33
224,Bosnia and Herzegovina,2004,1.3
225,Bosnia and Herzegovina,2005,1.29
226,Bosnia and Herzegovina,2006,1.29
227,Bosnia and Herzegovina,2007,1.29
228,Bosnia and Herzegovina,2008,1.3
229,Bosnia and Herzegovina,2009,1.3
230,Bosnia and Herzegovina,2010,1.31
231,Botswana,2000,3.39
232,Botswana,2001,3.29
233,Botswana,2002,3.19
234,Botswana,2003,3.11
235,Botswana,2004,3.04
236,Botswana,2005,2.99
237,Botswana,2006,2.95
238,Botswana,2007,2.92
239,Botswana,2008,2.9
240,Botswana,2009,2.89
241,Botswana,2010,2.88
242,Brazil,2000,2.3
243,Brazil,2001,2.23
244,Brazil,2002,2.16
245,Brazil,2003,2.1
246,Brazil,2004,2.03
247,Brazil,2005,1.98
248,Brazil,2006,1.93
249,Brazil,2007,1.88
250,Brazil,2008,1.85
251,Brazil,2009,1.82
252,Brazil,2010,1.81
253,Brunei,2000,2.22
254,Brunei,2001,2.12
255,Brunei,2002,2.03
256,Brunei,2003,1.95
257,Brunei,2004,1.89
258,Brunei,2005,1.85
259,Brunei,2006,1.82
260,Brunei,2007,1.81
261,Brunei,2008,1.81
262,Brunei,2009,1.82
263,Brunei,2010,1.84
264,Bulgaria,2000,1.18
265,Bulgaria,2001,1.19
266,Bulgaria,2002,1.22
267,Bulgaria,2003,1.26
268,Bulgaria,2004,1.3
269,Bulgaria,2005,1.34
270,Bulgaria,2006,1.38
271,Bulgaria,2007,1.42
272,Bulgaria,2008,1.45
273,Bulgaria,2009,1.47
274,Bulgaria,2010,1.49
275,Burkina Faso,2000,6.59
276,Burkina Faso,2001,6.53
277,Burkina Faso,2002,6.47
278,Burkina Faso,2003,6.4
279,Burkina Faso,2004,6.34
280,Burkina Faso,2005,6.27
281,Burkina Faso,2006,6.19
282,Burkina Faso,2007,6.12
283,Burkina Faso,2008,6.04
284,Burkina Faso,2009,5.95
285,Burkina Faso,2010,5.87
286,Burundi,2000,7.01
287,Burundi,2001,6.95
288,Burundi,2002,6.89
289,Burundi,2003,6.82
290,Burundi,2004,6.76
291,Burundi,2005,6.69
292,Burundi,2006,6.62
293,Burundi,2007,6.53
294,Burundi,2008,6.45
295,Burundi,2009,6.35
296,Burundi,2010,6.26
297,Cambodia,2000,3.81
298,Cambodia,2001,3.65
299,Cambodia,2002,3.52
300,Cambodia,2003,3.41
301,Cambodia,2004,3.31
302,Cambodia,2005,3.23
303,Cambodia,2006,3.16
304,Cambodia,2007,3.09
305,Cambodia,2008,3.02
306,Cambodia,2009,2.95
307,Cambodia,2010,2.88
308,Cameroon,2000,5.58
309,Cameroon,2001,5.52
310,Cameroon,2002,5.48
311,Cameroon,2003,5.43
312,Cameroon,2004,5.39
313,Cameroon,2005,5.35
314,Cameroon,2006,5.31
315,Cameroon,2007,5.27
316,Cameroon,2008,5.22
317,Cameroon,2009,5.17
318,Cameroon,2010,5.11
319,Canada,2000,1.52
320,Canada,2001,1.52
321,Canada,2002,1.52
322,Canada,2003,1.53
323,Canada,2004,1.55
324,Canada,2005,1.57
325,Canada,2006,1.6
326,Canada,2007,1.62
327,Canada,2008,1.63
328,Canada,2009,1.64
329,Canada,2010,1.64
330,Cape Verde,2000,3.76
331,Cape Verde,2001,3.62
332,Cape Verde,2002,3.48
333,Cape Verde,2003,3.36
334,Cape Verde,2004,3.24
335,Cape Verde,2005,3.13
336,Cape Verde,2006,3.02
337,Cape Verde,2007,2.93
338,Cape Verde,2008,2.83
339,Cape Verde,2009,2.75
340,Cape Verde,2010,2.67
341,Central African Republic,2000,5.5
342,Central African Republic,2001,5.48
343,Central African Republic,2002,5.46
344,Central African Republic,2003,5.44
345,Central African Republic,2004,5.41
346,Central African Republic,2005,5.38
347,Central African Republic,2006,5.35
348,Central African Republic,2007,5.32
349,Central African Republic,2008,5.29
350,Central African Republic,2009,5.25
351,Central African Republic,2010,5.22
352,Chad,2000,7.35
353,Chad,2001,7.32
354,Chad,2002,7.27
355,Chad,2003,7.21
356,Chad,2004,7.15
357,Chad,2005,7.07
358,Chad,2006,6.99
359,Chad,2007,6.9
360,Chad,2008,6.8
361,Chad,2009,6.7
362,Chad,2010,6.59
363,Chile,2000,2.11
364,Chile,2001,2.07
365,Chile,2002,2.05
366,Chile,2003,2.02
367,Chile,2004,2.0
368,Chile,2005,1.98
369,Chile,2006,1.96
370,Chile,2007,1.95
371,Chile,2008,1.93
372,Chile,2009,1.9
373,Chile,2010,1.88
374,China,2000,1.5
375,China,2001,1.51
376,China,2002,1.52
377,China,2003,1.54
378,China,2004,1.55
379,China,2005,1.57
380,China,2006,1.57
381,China,2007,1.58
382,China,2008,1.58
383,China,2009,1.59
384,China,2010,1.59
385,Colombia,2000,2.39
386,Colombia,2001,2.35
387,Colombia,2002,2.31
388,Colombia,2003,2.27
389,Colombia,2004,2.24
390,Colombia,2005,2.2
391,Colombia,2006,2.16
392,Colombia,2007,2.12
393,Colombia,2008,2.08
394,Colombia,2009,2.04
395,Colombia,2010,2.01
396,Comoros,2000,5.32
397,Comoros,2001,5.31
398,Comoros,2002,5.3
399,Comoros,2003,5.28
400,Comoros,2004,5.25
401,Comoros,2005,5.22
402,Comoros,2006,5.17
403,Comoros,2007,5.11
404,Comoros,2008,5.05
405,Comoros,2009,4.99
406,Comoros,2010,4.92
407,"Congo, Dem. Rep.",2000,6.96
408,"Congo, Dem. Rep.",2001,6.91
409,"Congo, Dem. Rep.",2002,6.86
410,"Congo, Dem. Rep.",2003,6.81
411,"Congo, Dem. Rep.",2004,6.76
412,"Congo, Dem. Rep.",2005,6.71
413,"Congo, Dem. Rep.",2006,6.66
414,"Congo, Dem. Rep.",2007,6.61
415,"Congo, Dem. Rep.",2008,6.57
416,"Congo, Dem. Rep.",2009,6.52
417,"Congo, Dem. Rep.",2010,6.47
418,"Congo, Rep.",2000,5.1
419,"Congo, Rep.",2001,5.09
420,"Congo, Rep.",2002,5.08
421,"Congo, Rep.",2003,5.07
422,"Congo, Rep.",2004,5.05
423,"Congo, Rep.",2005,5.04
424,"Congo, Rep.",2006,5.03
425,"Congo, Rep.",2007,5.01
426,"Congo, Rep.",2008,5.0
427,"Congo, Rep.",2009,4.97
428,"Congo, Rep.",2010,4.95
429,Costa Rica,2000,2.37
430,Costa Rica,2001,2.29
431,Costa Rica,2002,2.22
432,Costa Rica,2003,2.16
433,Costa Rica,2004,2.11
434,Costa Rica,2005,2.07
435,Costa Rica,2006,2.03
436,Costa Rica,2007,2.01
437,Costa Rica,2008,1.98
438,Costa Rica,2009,1.95
439,Costa Rica,2010,1.92
440,Cote d'Ivoire,2000,5.71
441,Cote d'Ivoire,2001,5.65
442,Cote d'Ivoire,2002,5.58
443,Cote d'Ivoire,2003,5.52
444,Cote d'Ivoire,2004,5.47
445,Cote d'Ivoire,2005,5.42
446,Cote d'Ivoire,2006,5.38
447,Cote d'Ivoire,2007,5.34
448,Cote d'Ivoire,2008,5.3
449,Cote d'Ivoire,2009,5.26
450,Cote d'Ivoire,2010,5.22
451,Croatia,2000,1.44
452,Croatia,2001,1.42
453,Croatia,2002,1.39
454,Croatia,2003,1.38
455,Croatia,2004,1.37
456,Croatia,2005,1.38
457,Croatia,2006,1.4
458,Croatia,2007,1.41
459,Croatia,2008,1.43
460,Croatia,2009,1.45
461,Croatia,2010,1.47
462,Cuba,2000,1.62
463,Cuba,2001,1.61
464,Cuba,2002,1.59
465,Cuba,2003,1.58
466,Cuba,2004,1.58
467,Cuba,2005,1.57
468,Cuba,2006,1.57
469,Cuba,2007,1.58
470,Cuba,2008,1.6
471,Cuba,2009,1.62
472,Cuba,2010,1.64
473,Cyprus,2000,1.72
474,Cyprus,2001,1.66
475,Cyprus,2002,1.61
476,Cyprus,2003,1.58
477,Cyprus,2004,1.55
478,Cyprus,2005,1.52
479,Cyprus,2006,1.5
480,Cyprus,2007,1.48
481,Cyprus,2008,1.46
482,Cyprus,2009,1.44
483,Cyprus,2010,1.42
484,Czech Republic,2000,1.12
485,Czech Republic,2001,1.14
486,Czech Republic,2002,1.17
487,Czech Republic,2003,1.21
488,Czech Republic,2004,1.25
489,Czech Republic,2005,1.3
490,Czech Republic,2006,1.35
491,Czech Republic,2007,1.39
492,Czech Republic,2008,1.42
493,Czech Republic,2009,1.45
494,Czech Republic,2010,1.47
495,Denmark,2000,1.77
496,Denmark,2001,1.75
497,Denmark,2002,1.72
498,Denmark,2003,1.76
499,Denmark,2004,1.78
500,Denmark,2005,1.8
501,Denmark,2006,1.85
502,Denmark,2007,1.85
503,Denmark,2008,1.89
504,Denmark,2009,1.84
505,Denmark,2010,1.88
506,Djibouti,2000,4.48
507,Djibouti,2001,4.36
508,Djibouti,2002,4.24
509,Djibouti,2003,4.12
510,Djibouti,2004,3.99
511,Djibouti,2005,3.87
512,Djibouti,2006,3.74
513,Djibouti,2007,3.62
514,Djibouti,2008,3.5
515,Djibouti,2009,3.4
516,Djibouti,2010,3.3
517,Dominican Republic,2000,2.89
518,Dominican Republic,2001,2.86
519,Dominican Republic,2002,2.84
520,Dominican Republic,2003,2.81
521,Dominican Republic,2004,2.78
522,Dominican Republic,2005,2.75
523,Dominican Republic,2006,2.72
524,Dominican Republic,2007,2.69
525,Dominican Republic,2008,2.66
526,Dominican Republic,2009,2.63
527,Dominican Republic,2010,2.6
528,Ecuador,2000,3.03
529,Ecuador,2001,2.97
530,Ecuador,2002,2.91
531,Ecuador,2003,2.87
532,Ecuador,2004,2.83
533,Ecuador,2005,2.79
534,Ecuador,2006,2.76
535,Ecuador,2007,2.74
536,Ecuador,2008,2.71
537,Ecuador,2009,2.68
538,Ecuador,2010,2.66
539,Egypt,2000,3.23
540,Egypt,2001,3.18
541,Egypt,2002,3.13
542,Egypt,2003,3.09
543,Egypt,2004,3.05
544,Egypt,2005,3.02
545,Egypt,2006,3.0
546,Egypt,2007,3.02
547,Egypt,2008,3.06
548,Egypt,2009,3.11
549,Egypt,2010,3.19
550,El Salvador,2000,3.02
551,El Salvador,2001,2.9
552,El Salvador,2002,2.79
553,El Salvador,2003,2.69
554,El Salvador,2004,2.6
555,El Salvador,2005,2.53
556,El Salvador,2006,2.47
557,El Salvador,2007,2.41
558,El Salvador,2008,2.36
559,El Salvador,2009,2.31
560,El Salvador,2010,2.27
561,Equatorial Guinea,2000,5.83
562,Equatorial Guinea,2001,5.79
563,Equatorial Guinea,2002,5.73
564,Equatorial Guinea,2003,5.68
565,Equatorial Guinea,2004,5.62
566,Equatorial Guinea,2005,5.56
567,Equatorial Guinea,2006,5.5
568,Equatorial Guinea,2007,5.43
569,Equatorial Guinea,2008,5.36
570,Equatorial Guinea,2009,5.29
571,Equatorial Guinea,2010,5.21
572,Eritrea,2000,5.33
573,Eritrea,2001,5.23
574,Eritrea,2002,5.15
575,Eritrea,2003,5.07
576,Eritrea,2004,5.01
577,Eritrea,2005,4.94
578,Eritrea,2006,4.88
579,Eritrea,2007,4.82
580,Eritrea,2008,4.75
581,Eritrea,2009,4.68
582,Eritrea,2010,4.61
583,Estonia,2000,1.32
584,Estonia,2001,1.34
585,Estonia,2002,1.38
586,Estonia,2003,1.43
587,Estonia,2004,1.48
588,Estonia,2005,1.54
589,Estonia,2006,1.58
590,Estonia,2007,1.62
591,Estonia,2008,1.64
592,Estonia,2009,1.65
593,Estonia,2010,1.64
594,Ethiopia,2000,6.53
595,Ethiopia,2001,6.38
596,Ethiopia,2002,6.22
597,Ethiopia,2003,6.04
598,Ethiopia,2004,5.87
599,Ethiopia,2005,5.69
600,Ethiopia,2006,5.52
601,Ethiopia,2007,5.36
602,Ethiopia,2008,5.2
603,Ethiopia,2009,5.06
604,Ethiopia,2010,4.92
605,Fiji,2000,3.09
606,Fiji,2001,3.05
607,Fiji,2002,3.0
608,Fiji,2003,2.95
609,Fiji,2004,2.91
610,Fiji,2005,2.86
611,Fiji,2006,2.82
612,Fiji,2007,2.77
613,Fiji,2008,2.74
614,Fiji,2009,2.7
615,Fiji,2010,2.67
616,Finland,2000,1.73
617,Finland,2001,1.73
618,Finland,2002,1.72
619,Finland,2003,1.76
620,Finland,2004,1.8
621,Finland,2005,1.8
622,Finland,2006,1.84
623,Finland,2007,1.83
624,Finland,2008,1.85
625,Finland,2009,1.86
626,Finland,2010,1.87
627,France,2000,1.82
628,France,2001,1.84
629,France,2002,1.87
630,France,2003,1.89
631,France,2004,1.92
632,France,2005,1.94
633,France,2006,1.96
634,France,2007,1.97
635,France,2008,1.98
636,France,2009,1.99
637,France,2010,1.99
638,Gabon,2000,4.54
639,Gabon,2001,4.46
640,Gabon,2002,4.39
641,Gabon,2003,4.33
642,Gabon,2004,4.27
643,Gabon,2005,4.23
644,Gabon,2006,4.19
645,Gabon,2007,4.16
646,Gabon,2008,4.14
647,Gabon,2009,4.11
648,Gabon,2010,4.08
649,Gambia,2000,5.95
650,Gambia,2001,5.93
651,Gambia,2002,5.91
652,Gambia,2003,5.88
653,Gambia,2004,5.86
654,Gambia,2005,5.84
655,Gambia,2006,5.81
656,Gambia,2007,5.79
657,Gambia,2008,5.76
658,Gambia,2009,5.74
659,Gambia,2010,5.71
660,Georgia,2000,1.61
661,Georgia,2001,1.59
662,Georgia,2002,1.59
663,Georgia,2003,1.6
664,Georgia,2004,1.63
665,Georgia,2005,1.66
666,Georgia,2006,1.71
667,Georgia,2007,1.77
668,Georgia,2008,1.82
669,Georgia,2009,1.87
670,Georgia,2010,1.92
671,Germany,2000,1.35
672,Germany,2001,1.35
673,Germany,2002,1.35
674,Germany,2003,1.35
675,Germany,2004,1.35
676,Germany,2005,1.35
677,Germany,2006,1.36
678,Germany,2007,1.36
679,Germany,2008,1.37
680,Germany,2009,1.38
681,Germany,2010,1.39
682,Ghana,2000,4.83
683,Ghana,2001,4.75
684,Ghana,2002,4.68
685,Ghana,2003,4.61
686,Ghana,2004,4.55
687,Ghana,2005,4.49
688,Ghana,2006,4.44
689,Ghana,2007,4.39
690,Ghana,2008,4.35
691,Ghana,2009,4.31
692,Ghana,2010,4.27
693,Greece,2000,1.32
694,Greece,2001,1.33
695,Greece,2002,1.34
696,Greece,2003,1.36
697,Greece,2004,1.38
698,Greece,2005,1.4
699,Greece,2006,1.42
700,Greece,2007,1.44
701,Greece,2008,1.44
702,Greece,2009,1.43
703,Greece,2010,1.41
704,Grenada,2000,2.58
705,Grenada,2001,2.51
706,Grenada,2002,2.46
707,Grenada,2003,2.41
708,Grenada,2004,2.37
709,Grenada,2005,2.34
710,Grenada,2006,2.32
711,Grenada,2007,2.3
712,Grenada,2008,2.28
713,Grenada,2009,2.26
714,Grenada,2010,2.24
715,Guatemala,2000,4.6
716,Guatemala,2001,4.49
717,Guatemala,2002,4.37
718,Guatemala,2003,4.25
719,Guatemala,2004,4.11
720,Guatemala,2005,3.97
721,Guatemala,2006,3.83
722,Guatemala,2007,3.7
723,Guatemala,2008,3.58
724,Guatemala,2009,3.47
725,Guatemala,2010,3.38
726,Guinea,2000,6.08
727,Guinea,2001,6.02
728,Guinea,2002,5.95
729,Guinea,2003,5.88
730,Guinea,2004,5.8
731,Guinea,2005,5.73
732,Guinea,2006,5.65
733,Guinea,2007,5.58
734,Guinea,2008,5.5
735,Guinea,2009,5.42
736,Guinea,2010,5.34
737,Guinea-Bissau,2000,5.82
738,Guinea-Bissau,2001,5.73
739,Guinea-Bissau,2002,5.64
740,Guinea-Bissau,2003,5.56
741,Guinea-Bissau,2004,5.47
742,Guinea-Bissau,2005,5.39
743,Guinea-Bissau,2006,5.31
744,Guinea-Bissau,2007,5.24
745,Guinea-Bissau,2008,5.17
746,Guinea-Bissau,2009,5.11
747,Guinea-Bissau,2010,5.05
748,Guyana,2000,3.02
749,Guyana,2001,2.99
750,Guyana,2002,2.96
751,Guyana,2003,2.92
752,Guyana,2004,2.88
753,Guyana,2005,2.84
754,Guyana,2006,2.8
755,Guyana,2007,2.76
756,Guyana,2008,2.72
757,Guyana,2009,2.68
758,Guyana,2010,2.66
759,Haiti,2000,4.3
760,Haiti,2001,4.18
761,Haiti,2002,4.07
762,Haiti,2003,3.96
763,Haiti,2004,3.85
764,Haiti,2005,3.76
765,Haiti,2006,3.67
766,Haiti,2007,3.58
767,Haiti,2008,3.49
768,Haiti,2009,3.41
769,Haiti,2010,3.33
770,Honduras,2000,4.06
771,Honduras,2001,3.94
772,Honduras,2002,3.82
773,Honduras,2003,3.69
774,Honduras,2004,3.57
775,Honduras,2005,3.45
776,Honduras,2006,3.33
777,Honduras,2007,3.2
778,Honduras,2008,3.09
779,Honduras,2009,2.98
780,Honduras,2010,2.87
781,Hungary,2000,1.31
782,Hungary,2001,1.29
783,Hungary,2002,1.29
784,Hungary,2003,1.29
785,Hungary,2004,1.3
786,Hungary,2005,1.3
787,Hungary,2006,1.31
788,Hungary,2007,1.32
789,Hungary,2008,1.32
790,Hungary,2009,1.33
791,Hungary,2010,1.33
792,Iceland,2000,2.01
793,Iceland,2001,2.0
794,Iceland,2002,2.01
795,Iceland,2003,2.02
796,Iceland,2004,2.04
797,Iceland,2005,2.07
798,Iceland,2006,2.09
799,Iceland,2007,2.1
800,Iceland,2008,2.1
801,Iceland,2009,2.09
802,Iceland,2010,2.07
803,India,2000,3.31
804,India,2001,3.24
805,India,2002,3.18
806,India,2003,3.11
807,India,2004,3.04
808,India,2005,2.97
809,India,2006,2.9
810,India,2007,2.82
811,India,2008,2.75
812,India,2009,2.67
813,India,2010,2.6
814,Indonesia,2000,2.51
815,Indonesia,2001,2.51
816,Indonesia,2002,2.51
817,Indonesia,2003,2.51
818,Indonesia,2004,2.52
819,Indonesia,2005,2.51
820,Indonesia,2006,2.51
821,Indonesia,2007,2.51
822,Indonesia,2008,2.5
823,Indonesia,2009,2.49
824,Indonesia,2010,2.48
825,Iran,2000,2.21
826,Iran,2001,2.09
827,Iran,2002,2.0
828,Iran,2003,1.93
829,Iran,2004,1.87
830,Iran,2005,1.83
831,Iran,2006,1.81
832,Iran,2007,1.79
833,Iran,2008,1.78
834,Iran,2009,1.77
835,Iran,2010,1.77
836,Iraq,2000,4.89
837,Iraq,2001,4.8
838,Iraq,2002,4.71
839,Iraq,2003,4.64
840,Iraq,2004,4.59
841,Iraq,2005,4.56
842,Iraq,2006,4.55
843,Iraq,2007,4.55
844,Iraq,2008,4.55
845,Iraq,2009,4.56
846,Iraq,2010,4.56
847,Ireland,2000,1.95
848,Ireland,2001,1.96
849,Ireland,2002,1.96
850,Ireland,2003,1.97
851,Ireland,2004,1.98
852,Ireland,2005,1.98
853,Ireland,2006,1.99
854,Ireland,2007,1.99
855,Ireland,2008,2.0
856,Ireland,2009,2.0
857,Ireland,2010,2.0
858,Israel,2000,2.92
859,Israel,2001,2.92
860,Israel,2002,2.91
861,Israel,2003,2.91
862,Israel,2004,2.91
863,Israel,2005,2.91
864,Israel,2006,2.92
865,Israel,2007,2.93
866,Israel,2008,2.95
867,Israel,2009,2.97
868,Israel,2010,3.0
869,Italy,2000,1.25
870,Italy,2001,1.27
871,Italy,2002,1.29
872,Italy,2003,1.31
873,Italy,2004,1.34
874,Italy,2005,1.36
875,Italy,2006,1.38
876,Italy,2007,1.4
877,Italy,2008,1.41
878,Italy,2009,1.42
879,Italy,2010,1.43
880,Jamaica,2000,2.58
881,Jamaica,2001,2.53
882,Jamaica,2002,2.48
883,Jamaica,2003,2.44
884,Jamaica,2004,2.4
885,Jamaica,2005,2.36
886,Jamaica,2006,2.33
887,Jamaica,2007,2.29
888,Jamaica,2008,2.25
889,Jamaica,2009,2.21
890,Jamaica,2010,2.17
891,Japan,2000,1.32
892,Japan,2001,1.31
893,Japan,2002,1.3
894,Japan,2003,1.3
895,Japan,2004,1.3
896,Japan,2005,1.31
897,Japan,2006,1.32
898,Japan,2007,1.33
899,Japan,2008,1.34
900,Japan,2009,1.36
901,Japan,2010,1.37
902,Jordan,2000,4.03
903,Jordan,2001,3.95
904,Jordan,2002,3.88
905,Jordan,2003,3.83
906,Jordan,2004,3.78
907,Jordan,2005,3.75
908,Jordan,2006,3.73
909,Jordan,2007,3.71
910,Jordan,2008,3.69
911,Jordan,2009,3.68
912,Jordan,2010,3.66
913,Kazakhstan,2000,1.92
914,Kazakhstan,2001,1.94
915,Kazakhstan,2002,1.99
916,Kazakhstan,2003,2.07
917,Kazakhstan,2004,2.16
918,Kazakhstan,2005,2.26
919,Kazakhstan,2006,2.37
920,Kazakhstan,2007,2.47
921,Kazakhstan,2008,2.55
922,Kazakhstan,2009,2.62
923,Kazakhstan,2010,2.67
924,Kenya,2000,5.18
925,Kenya,2001,5.11
926,Kenya,2002,5.04
927,Kenya,2003,4.98
928,Kenya,2004,4.91
929,Kenya,2005,4.84
930,Kenya,2006,4.76
931,Kenya,2007,4.68
932,Kenya,2008,4.58
933,Kenya,2009,4.48
934,Kenya,2010,4.37
935,Kiribati,2000,4.06
936,Kiribati,2001,4.02
937,Kiribati,2002,3.98
938,Kiribati,2003,3.95
939,Kiribati,2004,3.93
940,Kiribati,2005,3.91
941,Kiribati,2006,3.9
942,Kiribati,2007,3.88
943,Kiribati,2008,3.87
944,Kiribati,2009,3.86
945,Kiribati,2010,3.84
946,Kuwait,2000,2.85
947,Kuwait,2001,2.77
948,Kuwait,2002,2.69
949,Kuwait,2003,2.62
950,Kuwait,2004,2.55
951,Kuwait,2005,2.5
952,Kuwait,2006,2.45
953,Kuwait,2007,2.4
954,Kuwait,2008,2.34
955,Kuwait,2009,2.28
956,Kuwait,2010,2.22
957,Kyrgyz Republic,2000,2.66
958,Kyrgyz Republic,2001,2.58
959,Kyrgyz Republic,2002,2.54
960,Kyrgyz Republic,2003,2.52
961,Kyrgyz Republic,2004,2.54
962,Kyrgyz Republic,2005,2.58
963,Kyrgyz Republic,2006,2.65
964,Kyrgyz Republic,2007,2.73
965,Kyrgyz Republic,2008,2.82
966,Kyrgyz Republic,2009,2.91
967,Kyrgyz Republic,2010,2.98
968,Lao,2000,4.31
969,Lao,2001,4.14
970,Lao,2002,3.98
971,Lao,2003,3.85
972,Lao,2004,3.72
973,Lao,2005,3.62
974,Lao,2006,3.52
975,Lao,2007,3.42
976,Lao,2008,3.33
977,Lao,2009,3.24
978,Lao,2010,3.15
979,Latvia,2000,1.18
980,Latvia,2001,1.21
981,Latvia,2002,1.25
982,Latvia,2003,1.3
983,Latvia,2004,1.35
984,Latvia,2005,1.4
985,Latvia,2006,1.43
986,Latvia,2007,1.46
987,Latvia,2008,1.49
988,Latvia,2009,1.5
989,Latvia,2010,1.51
990,Lebanon,2000,2.23
991,Lebanon,2001,2.13
992,Lebanon,2002,2.04
993,Lebanon,2003,1.94
994,Lebanon,2004,1.84
995,Lebanon,2005,1.75
996,Lebanon,2006,1.68
997,Lebanon,2007,1.63
998,Lebanon,2008,1.6
999,Lebanon,2009,1.6
1000,Lebanon,2010,1.61
1001,Lesotho,2000,4.09
1002,Lesotho,2001,3.97
1003,Lesotho,2002,3.86
1004,Lesotho,2003,3.74
1005,Lesotho,2004,3.64
1006,Lesotho,2005,3.55
1007,Lesotho,2006,3.47
1008,Lesotho,2007,3.41
1009,Lesotho,2008,3.37
1010,Lesotho,2009,3.33
1011,Lesotho,2010,3.3
1012,Liberia,2000,5.88
1013,Liberia,2001,5.8
1014,Liberia,2002,5.72
1015,Liberia,2003,5.64
1016,Liberia,2004,5.55
1017,Liberia,2005,5.46
1018,Liberia,2006,5.37
1019,Liberia,2007,5.28
1020,Liberia,2008,5.19
1021,Liberia,2009,5.11
1022,Liberia,2010,5.02
1023,Libya,2000,2.86
1024,Libya,2001,2.75
1025,Libya,2002,2.67
1026,Libya,2003,2.6
1027,Libya,2004,2.54
1028,Libya,2005,2.49
1029,Libya,2006,2.46
1030,Libya,2007,2.44
1031,Libya,2008,2.43
1032,Libya,2009,2.42
1033,Libya,2010,2.41
1034,Lithuania,2000,1.34
1035,Lithuania,2001,1.31
1036,Lithuania,2002,1.29
1037,Lithuania,2003,1.29
1038,Lithuania,2004,1.3
1039,Lithuania,2005,1.32
1040,Lithuania,2006,1.35
1041,Lithuania,2007,1.39
1042,Lithuania,2008,1.43
1043,Lithuania,2009,1.47
1044,Lithuania,2010,1.51
1045,Luxembourg,2000,1.7
1046,Luxembourg,2001,1.68
1047,Luxembourg,2002,1.67
1048,Luxembourg,2003,1.66
1049,Luxembourg,2004,1.65
1050,Luxembourg,2005,1.64
1051,Luxembourg,2006,1.63
1052,Luxembourg,2007,1.62
1053,Luxembourg,2008,1.61
1054,Luxembourg,2009,1.59
1055,Luxembourg,2010,1.58
1056,"Macedonia, FYR",2000,1.72
1057,"Macedonia, FYR",2001,1.68
1058,"Macedonia, FYR",2002,1.64
1059,"Macedonia, FYR",2003,1.61
1060,"Macedonia, FYR",2004,1.57
1061,"Macedonia, FYR",2005,1.53
1062,"Macedonia, FYR",2006,1.5
1063,"Macedonia, FYR",2007,1.48
1064,"Macedonia, FYR",2008,1.47
1065,"Macedonia, FYR",2009,1.46
1066,"Macedonia, FYR",2010,1.47
1067,Madagascar,2000,5.55
1068,Madagascar,2001,5.45
1069,Madagascar,2002,5.34
1070,Madagascar,2003,5.24
1071,Madagascar,2004,5.14
1072,Madagascar,2005,5.05
1073,Madagascar,2006,4.96
1074,Madagascar,2007,4.87
1075,Madagascar,2008,4.78
1076,Madagascar,2009,4.69
1077,Madagascar,2010,4.6
1078,Malawi,2000,6.15
1079,Malawi,2001,6.1
1080,Malawi,2002,6.05
1081,Malawi,2003,6.0
1082,Malawi,2004,5.96
1083,Malawi,2005,5.9
1084,Malawi,2006,5.83
1085,Malawi,2007,5.73
1086,Malawi,2008,5.61
1087,Malawi,2009,5.47
1088,Malawi,2010,5.31
1089,Malaysia,2000,2.78
1090,Malaysia,2001,2.66
1091,Malaysia,2002,2.54
1092,Malaysia,2003,2.44
1093,Malaysia,2004,2.36
1094,Malaysia,2005,2.29
1095,Malaysia,2006,2.25
1096,Malaysia,2007,2.22
1097,Malaysia,2008,2.19
1098,Malaysia,2009,2.17
1099,Malaysia,2010,2.15
1100,Maldives,2000,2.94
1101,Maldives,2001,2.77
1102,Maldives,2002,2.63
1103,Maldives,2003,2.51
1104,Maldives,2004,2.42
1105,Maldives,2005,2.34
1106,Maldives,2006,2.29
1107,Maldives,2007,2.26
1108,Maldives,2008,2.24
1109,Maldives,2009,2.24
1110,Maldives,2010,2.23
1111,Mali,2000,6.9
1112,Mali,2001,6.88
1113,Mali,2002,6.86
1114,Mali,2003,6.84
1115,Mali,2004,6.82
1116,Mali,2005,6.79
1117,Mali,2006,6.76
1118,Mali,2007,6.72
1119,Mali,2008,6.67
1120,Mali,2009,6.61
1121,Mali,2010,6.55
1122,Malta,2000,1.67
1123,Malta,2001,1.6
1124,Malta,2002,1.53
1125,Malta,2003,1.47
1126,Malta,2004,1.42
1127,Malta,2005,1.4
1128,Malta,2006,1.38
1129,Malta,2007,1.38
1130,Malta,2008,1.38
1131,Malta,2009,1.38
1132,Malta,2010,1.39
1133,Mauritania,2000,5.45
1134,Mauritania,2001,5.39
1135,Mauritania,2002,5.34
1136,Mauritania,2003,5.28
1137,Mauritania,2004,5.23
1138,Mauritania,2005,5.18
1139,Mauritania,2006,5.14
1140,Mauritania,2007,5.1
1141,Mauritania,2008,5.06
1142,Mauritania,2009,5.02
1143,Mauritania,2010,4.98
1144,Mauritius,2000,1.99
1145,Mauritius,2001,1.96
1146,Mauritius,2002,1.94
1147,Mauritius,2003,1.9
1148,Mauritius,2004,1.87
1149,Mauritius,2005,1.82
1150,Mauritius,2006,1.78
1151,Mauritius,2007,1.72
1152,Mauritius,2008,1.67
1153,Mauritius,2009,1.62
1154,Mauritius,2010,1.58
1155,Mexico,2000,2.72
1156,Mexico,2001,2.67
1157,Mexico,2002,2.62
1158,Mexico,2003,2.58
1159,Mexico,2004,2.54
1160,Mexico,2005,2.5
1161,Mexico,2006,2.46
1162,Mexico,2007,2.42
1163,Mexico,2008,2.39
1164,Mexico,2009,2.36
1165,Mexico,2010,2.34
1166,"Micronesia, Fed. Sts.",2000,4.3
1167,"Micronesia, Fed. Sts.",2001,4.2
1168,"Micronesia, Fed. Sts.",2002,4.11
1169,"Micronesia, Fed. Sts.",2003,4.01
1170,"Micronesia, Fed. Sts.",2004,3.91
1171,"Micronesia, Fed. Sts.",2005,3.82
1172,"Micronesia, Fed. Sts.",2006,3.74
1173,"Micronesia, Fed. Sts.",2007,3.66
1174,"Micronesia, Fed. Sts.",2008,3.59
1175,"Micronesia, Fed. Sts.",2009,3.52
1176,"Micronesia, Fed. Sts.",2010,3.46
1177,Moldova,2000,1.44
1178,Moldova,2001,1.35
1179,Moldova,2002,1.29
1180,Moldova,2003,1.25
1181,Moldova,2004,1.22
1182,Moldova,2005,1.22
1183,Moldova,2006,1.23
1184,Moldova,2007,1.24
1185,Moldova,2008,1.26
1186,Moldova,2009,1.27
1187,Moldova,2010,1.27
1188,Mongolia,2000,2.14
1189,Mongolia,2001,2.1
1190,Mongolia,2002,2.08
1191,Mongolia,2003,2.08
1192,Mongolia,2004,2.11
1193,Mongolia,2005,2.17
1194,Mongolia,2006,2.24
1195,Mongolia,2007,2.33
1196,Mongolia,2008,2.43
1197,Mongolia,2009,2.54
1198,Mongolia,2010,2.64
1199,Montenegro,2000,1.88
1200,Montenegro,2001,1.87
1201,Montenegro,2002,1.86
1202,Montenegro,2003,1.85
1203,Montenegro,2004,1.85
1204,Montenegro,2005,1.84
1205,Montenegro,2006,1.83
1206,Montenegro,2007,1.82
1207,Montenegro,2008,1.81
1208,Montenegro,2009,1.79
1209,Montenegro,2010,1.77
1210,Morocco,2000,2.78
1211,Morocco,2001,2.72
1212,Morocco,2002,2.68
1213,Morocco,2003,2.64
1214,Morocco,2004,2.61
1215,Morocco,2005,2.59
1216,Morocco,2006,2.57
1217,Morocco,2007,2.56
1218,Morocco,2008,2.56
1219,Morocco,2009,2.57
1220,Morocco,2010,2.58
1221,Mozambique,2000,5.82
1222,Mozambique,2001,5.81
1223,Mozambique,2002,5.8
1224,Mozambique,2003,5.78
1225,Mozambique,2004,5.76
1226,Mozambique,2005,5.74
1227,Mozambique,2006,5.71
1228,Mozambique,2007,5.67
1229,Mozambique,2008,5.64
1230,Mozambique,2009,5.6
1231,Mozambique,2010,5.56
1232,Myanmar,2000,2.91
1233,Myanmar,2001,2.89
1234,Myanmar,2002,2.87
1235,Myanmar,2003,2.83
1236,Myanmar,2004,2.78
1237,Myanmar,2005,2.72
1238,Myanmar,2006,2.66
1239,Myanmar,2007,2.59
1240,Myanmar,2008,2.53
1241,Myanmar,2009,2.47
1242,Myanmar,2010,2.41
1243,Namibia,2000,4.02
1244,Namibia,2001,3.93
1245,Namibia,2002,3.84
1246,Namibia,2003,3.77
1247,Namibia,2004,3.71
1248,Namibia,2005,3.67
1249,Namibia,2006,3.64
1250,Namibia,2007,3.62
1251,Namibia,2008,3.61
1252,Namibia,2009,3.61
1253,Namibia,2010,3.61
1254,Nepal,2000,4.03
1255,Nepal,2001,3.88
1256,Nepal,2002,3.72
1257,Nepal,2003,3.58
1258,Nepal,2004,3.43
1259,Nepal,2005,3.29
1260,Nepal,2006,3.15
1261,Nepal,2007,3.01
1262,Nepal,2008,2.87
1263,Nepal,2009,2.74
1264,Nepal,2010,2.61
1265,Netherlands,2000,1.72
1266,Netherlands,2001,1.71
1267,Netherlands,2002,1.73
1268,Netherlands,2003,1.75
1269,Netherlands,2004,1.73
1270,Netherlands,2005,1.71
1271,Netherlands,2006,1.72
1272,Netherlands,2007,1.72
1273,Netherlands,2008,1.77
1274,Netherlands,2009,1.79
1275,Netherlands,2010,1.8
1276,New Zealand,2000,1.98
1277,New Zealand,2001,1.96
1278,New Zealand,2002,1.95
1279,New Zealand,2003,1.98
1280,New Zealand,2004,2.02
1281,New Zealand,2005,2.05
1282,New Zealand,2006,2.09
1283,New Zealand,2007,2.11
1284,New Zealand,2008,2.12
1285,New Zealand,2009,2.13
1286,New Zealand,2010,2.12
1287,Nicaragua,2000,3.08
1288,Nicaragua,2001,2.98
1289,Nicaragua,2002,2.89
1290,Nicaragua,2003,2.81
1291,Nicaragua,2004,2.74
1292,Nicaragua,2005,2.68
1293,Nicaragua,2006,2.62
1294,Nicaragua,2007,2.57
1295,Nicaragua,2008,2.52
1296,Nicaragua,2009,2.48
1297,Nicaragua,2010,2.43
1298,Niger,2000,7.68
1299,Niger,2001,7.67
1300,Niger,2002,7.66
1301,Niger,2003,7.64
1302,Niger,2004,7.63
1303,Niger,2005,7.61
1304,Niger,2006,7.59
1305,Niger,2007,7.57
1306,Niger,2008,7.54
1307,Niger,2009,7.52
1308,Niger,2010,7.49
1309,Nigeria,2000,6.11
1310,Nigeria,2001,6.08
1311,Nigeria,2002,6.06
1312,Nigeria,2003,6.04
1313,Nigeria,2004,6.01
1314,Nigeria,2005,5.99
1315,Nigeria,2006,5.96
1316,Nigeria,2007,5.93
1317,Nigeria,2008,5.9
1318,Nigeria,2009,5.87
1319,Nigeria,2010,5.84
1320,North Korea,2000,1.99
1321,North Korea,2001,1.99
1322,North Korea,2002,1.99
1323,North Korea,2003,2.0
1324,North Korea,2004,2.0
1325,North Korea,2005,2.0
1326,North Korea,2006,2.0
1327,North Korea,2007,2.0
1328,North Korea,2008,1.99
1329,North Korea,2009,1.99
1330,North Korea,2010,1.98
1331,Norway,2000,1.85
1332,Norway,2001,1.78
1333,Norway,2002,1.75
1334,Norway,2003,1.8
1335,Norway,2004,1.83
1336,Norway,2005,1.84
1337,Norway,2006,1.9
1338,Norway,2007,1.9
1339,Norway,2008,1.96
1340,Norway,2009,1.98
1341,Norway,2010,1.95
1342,Oman,2000,3.72
1343,Oman,2001,3.48
1344,Oman,2002,3.29
1345,Oman,2003,3.14
1346,Oman,2004,3.03
1347,Oman,2005,2.95
1348,Oman,2006,2.91
1349,Oman,2007,2.89
1350,Oman,2008,2.89
1351,Oman,2009,2.9
1352,Oman,2010,2.9
1353,Pakistan,2000,4.58
1354,Pakistan,2001,4.44
1355,Pakistan,2002,4.31
1356,Pakistan,2003,4.21
1357,Pakistan,2004,4.13
1358,Pakistan,2005,4.07
1359,Pakistan,2006,4.02
1360,Pakistan,2007,3.98
1361,Pakistan,2008,3.94
1362,Pakistan,2009,3.9
1363,Pakistan,2010,3.86
1364,Palestine,2000,5.38
1365,Palestine,2001,5.23
1366,Palestine,2002,5.09
1367,Palestine,2003,4.97
1368,Palestine,2004,4.87
1369,Palestine,2005,4.78
1370,Palestine,2006,4.7
1371,Palestine,2007,4.62
1372,Palestine,2008,4.55
1373,Palestine,2009,4.49
1374,Palestine,2010,4.42
1375,Panama,2000,2.74
1376,Panama,2001,2.72
1377,Panama,2002,2.7
1378,Panama,2003,2.68
1379,Panama,2004,2.66
1380,Panama,2005,2.65
1381,Panama,2006,2.64
1382,Panama,2007,2.64
1383,Panama,2008,2.63
1384,Panama,2009,2.63
1385,Panama,2010,2.62
1386,Papua New Guinea,2000,4.53
1387,Papua New Guinea,2001,4.48
1388,Papua New Guinea,2002,4.42
1389,Papua New Guinea,2003,4.37
1390,Papua New Guinea,2004,4.32
1391,Papua New Guinea,2005,4.26
1392,Papua New Guinea,2006,4.21
1393,Papua New Guinea,2007,4.16
1394,Papua New Guinea,2008,4.1
1395,Papua New Guinea,2009,4.04
1396,Papua New Guinea,2010,3.99
1397,Paraguay,2000,3.55
1398,Paraguay,2001,3.43
1399,Paraguay,2002,3.32
1400,Paraguay,2003,3.21
1401,Paraguay,2004,3.12
1402,Paraguay,2005,3.04
1403,Paraguay,2006,2.97
1404,Paraguay,2007,2.91
1405,Paraguay,2008,2.85
1406,Paraguay,2009,2.79
1407,Paraguay,2010,2.73
1408,Peru,2000,2.93
1409,Peru,2001,2.87
1410,Peru,2002,2.82
1411,Peru,2003,2.77
1412,Peru,2004,2.73
1413,Peru,2005,2.68
1414,Peru,2006,2.65
1415,Peru,2007,2.62
1416,Peru,2008,2.59
1417,Peru,2009,2.57
1418,Peru,2010,2.55
1419,Philippines,2000,3.81
1420,Philippines,2001,3.77
1421,Philippines,2002,3.71
1422,Philippines,2003,3.65
1423,Philippines,2004,3.58
1424,Philippines,2005,3.5
1425,Philippines,2006,3.43
1426,Philippines,2007,3.35
1427,Philippines,2008,3.28
1428,Philippines,2009,3.21
1429,Philippines,2010,3.16
1430,Poland,2000,1.35
1431,Poland,2001,1.31
1432,Poland,2002,1.28
1433,Poland,2003,1.28
1434,Poland,2004,1.28
1435,Poland,2005,1.3
1436,Poland,2006,1.32
1437,Poland,2007,1.34
1438,Poland,2008,1.36
1439,Poland,2009,1.37
1440,Poland,2010,1.37
1441,Portugal,2000,1.46
1442,Portugal,2001,1.46
1443,Portugal,2002,1.45
1444,Portugal,2003,1.44
1445,Portugal,2004,1.43
1446,Portugal,2005,1.42
1447,Portugal,2006,1.4
1448,Portugal,2007,1.38
1449,Portugal,2008,1.36
1450,Portugal,2009,1.34
1451,Portugal,2010,1.33
1452,Qatar,2000,3.24
1453,Qatar,2001,3.12
1454,Qatar,2002,3.0
1455,Qatar,2003,2.86
1456,Qatar,2004,2.71
1457,Qatar,2005,2.57
1458,Qatar,2006,2.43
1459,Qatar,2007,2.31
1460,Qatar,2008,2.21
1461,Qatar,2009,2.13
1462,Qatar,2010,2.07
1463,Romania,2000,1.31
1464,Romania,2001,1.31
1465,Romania,2002,1.32
1466,Romania,2003,1.33
1467,Romania,2004,1.36
1468,Romania,2005,1.38
1469,Romania,2006,1.4
1470,Romania,2007,1.43
1471,Romania,2008,1.45
1472,Romania,2009,1.46
1473,Romania,2010,1.47
1474,Russia,2000,1.2
1475,Russia,2001,1.22
1476,Russia,2002,1.29
1477,Russia,2003,1.33
1478,Russia,2004,1.34
1479,Russia,2005,1.29
1480,Russia,2006,1.3
1481,Russia,2007,1.41
1482,Russia,2008,1.49
1483,Russia,2009,1.54
1484,Russia,2010,1.57
1485,Rwanda,2000,5.64
1486,Rwanda,2001,5.54
1487,Rwanda,2002,5.45
1488,Rwanda,2003,5.35
1489,Rwanda,2004,5.24
1490,Rwanda,2005,5.14
1491,Rwanda,2006,5.02
1492,Rwanda,2007,4.9
1493,Rwanda,2008,4.77
1494,Rwanda,2009,4.64
1495,Rwanda,2010,4.52
1496,Samoa,2000,4.5
1497,Samoa,2001,4.48
1498,Samoa,2002,4.46
1499,Samoa,2003,4.45
1500,Samoa,2004,4.46
1501,Samoa,2005,4.46
1502,Samoa,2006,4.46
1503,Samoa,2007,4.45
1504,Samoa,2008,4.43
1505,Samoa,2009,4.39
1506,Samoa,2010,4.34
1507,Sao Tome and Principe,2000,5.28
1508,Sao Tome and Principe,2001,5.23
1509,Sao Tome and Principe,2002,5.17
1510,Sao Tome and Principe,2003,5.12
1511,Sao Tome and Principe,2004,5.07
1512,Sao Tome and Principe,2005,5.02
1513,Sao Tome and Principe,2006,4.97
1514,Sao Tome and Principe,2007,4.93
1515,Sao Tome and Principe,2008,4.88
1516,Sao Tome and Principe,2009,4.84
1517,Sao Tome and Principe,2010,4.79
1518,Saudi Arabia,2000,3.97
1519,Saudi Arabia,2001,3.83
1520,Saudi Arabia,2002,3.71
1521,Saudi Arabia,2003,3.6
1522,Saudi Arabia,2004,3.51
1523,Saudi Arabia,2005,3.42
1524,Saudi Arabia,2006,3.33
1525,Saudi Arabia,2007,3.24
1526,Saudi Arabia,2008,3.15
1527,Saudi Arabia,2009,3.06
1528,Saudi Arabia,2010,2.96
1529,Senegal,2000,5.47
1530,Senegal,2001,5.39
1531,Senegal,2002,5.31
1532,Senegal,2003,5.25
1533,Senegal,2004,5.2
1534,Senegal,2005,5.16
1535,Senegal,2006,5.13
1536,Senegal,2007,5.11
1537,Senegal,2008,5.1
1538,Senegal,2009,5.08
1539,Senegal,2010,5.06
1540,Serbia,2000,1.77
1541,Serbia,2001,1.74
1542,Serbia,2002,1.72
1543,Serbia,2003,1.69
1544,Serbia,2004,1.66
1545,Serbia,2005,1.64
1546,Serbia,2006,1.61
1547,Serbia,2007,1.6
1548,Serbia,2008,1.58
1549,Serbia,2009,1.58
1550,Serbia,2010,1.58
1551,Seychelles,2000,2.15
1552,Seychelles,2001,2.16
1553,Seychelles,2002,2.18
1554,Seychelles,2003,2.2
1555,Seychelles,2004,2.22
1556,Seychelles,2005,2.25
1557,Seychelles,2006,2.27
1558,Seychelles,2007,2.29
1559,Seychelles,2008,2.32
1560,Seychelles,2009,2.34
1561,Seychelles,2010,2.36
1562,Sierra Leone,2000,6.32
1563,Sierra Leone,2001,6.24
1564,Sierra Leone,2002,6.16
1565,Sierra Leone,2003,6.07
1566,Sierra Leone,2004,5.97
1567,Sierra Leone,2005,5.86
1568,Sierra Leone,2006,5.75
1569,Sierra Leone,2007,5.62
1570,Sierra Leone,2008,5.49
1571,Sierra Leone,2009,5.35
1572,Sierra Leone,2010,5.2
1573,Singapore,2000,1.6
1574,Singapore,2001,1.41
1575,Singapore,2002,1.37
1576,Singapore,2003,1.27
1577,Singapore,2004,1.26
1578,Singapore,2005,1.26
1579,Singapore,2006,1.28
1580,Singapore,2007,1.29
1581,Singapore,2008,1.28
1582,Singapore,2009,1.26
1583,Singapore,2010,1.26
1584,Slovak Republic,2000,1.27
1585,Slovak Republic,2001,1.24
1586,Slovak Republic,2002,1.23
1587,Slovak Republic,2003,1.22
1588,Slovak Republic,2004,1.23
1589,Slovak Republic,2005,1.25
1590,Slovak Republic,2006,1.27
1591,Slovak Republic,2007,1.29
1592,Slovak Republic,2008,1.32
1593,Slovak Republic,2009,1.34
1594,Slovak Republic,2010,1.36
1595,Slovenia,2000,1.21
1596,Slovenia,2001,1.21
1597,Slovenia,2002,1.22
1598,Slovenia,2003,1.24
1599,Slovenia,2004,1.27
1600,Slovenia,2005,1.31
1601,Slovenia,2006,1.36
1602,Slovenia,2007,1.4
1603,Slovenia,2008,1.44
1604,Slovenia,2009,1.48
1605,Slovenia,2010,1.52
1606,Solomon Islands,2000,4.72
1607,Solomon Islands,2001,4.67
1608,Solomon Islands,2002,4.62
1609,Solomon Islands,2003,4.58
1610,Solomon Islands,2004,4.54
1611,Solomon Islands,2005,4.5
1612,Solomon Islands,2006,4.46
1613,Solomon Islands,2007,4.41
1614,Solomon Islands,2008,4.36
1615,Solomon Islands,2009,4.3
1616,Solomon Islands,2010,4.24
1617,Somalia,2000,7.62
1618,Somalia,2001,7.57
1619,Somalia,2002,7.51
1620,Somalia,2003,7.45
1621,Somalia,2004,7.38
1622,Somalia,2005,7.31
1623,Somalia,2006,7.23
1624,Somalia,2007,7.14
1625,Somalia,2008,7.06
1626,Somalia,2009,6.96
1627,Somalia,2010,6.87
1628,South Africa,2000,2.83
1629,South Africa,2001,2.79
1630,South Africa,2002,2.76
1631,South Africa,2003,2.73
1632,South Africa,2004,2.7
1633,South Africa,2005,2.68
1634,South Africa,2006,2.66
1635,South Africa,2007,2.64
1636,South Africa,2008,2.62
1637,South Africa,2009,2.6
1638,South Africa,2010,2.59
1639,South Korea,2000,1.35
1640,South Korea,2001,1.29
1641,South Korea,2002,1.25
1642,South Korea,2003,1.21
1643,South Korea,2004,1.18
1644,South Korea,2005,1.17
1645,South Korea,2006,1.16
1646,South Korea,2007,1.16
1647,South Korea,2008,1.17
1648,South Korea,2009,1.18
1649,South Korea,2010,1.19
1650,South Sudan,2000,6.22
1651,South Sudan,2001,6.14
1652,South Sudan,2002,6.05
1653,South Sudan,2003,5.97
1654,South Sudan,2004,5.89
1655,South Sudan,2005,5.8
1656,South Sudan,2006,5.72
1657,South Sudan,2007,5.64
1658,South Sudan,2008,5.55
1659,South Sudan,2009,5.47
1660,South Sudan,2010,5.38
1661,Spain,2000,1.23
1662,Spain,2001,1.25
1663,Spain,2002,1.28
1664,Spain,2003,1.3
1665,Spain,2004,1.33
1666,Spain,2005,1.35
1667,Spain,2006,1.37
1668,Spain,2007,1.38
1669,Spain,2008,1.38
1670,Spain,2009,1.38
1671,Spain,2010,1.37
1672,Sri Lanka,2000,2.24
1673,Sri Lanka,2001,2.25
1674,Sri Lanka,2002,2.26
1675,Sri Lanka,2003,2.27
1676,Sri Lanka,2004,2.28
1677,Sri Lanka,2005,2.28
1678,Sri Lanka,2006,2.28
1679,Sri Lanka,2007,2.27
1680,Sri Lanka,2008,2.26
1681,Sri Lanka,2009,2.23
1682,Sri Lanka,2010,2.2
1683,St. Lucia,2000,2.2
1684,St. Lucia,2001,2.06
1685,St. Lucia,2002,1.93
1686,St. Lucia,2003,1.83
1687,St. Lucia,2004,1.74
1688,St. Lucia,2005,1.68
1689,St. Lucia,2006,1.63
1690,St. Lucia,2007,1.6
1691,St. Lucia,2008,1.57
1692,St. Lucia,2009,1.56
1693,St. Lucia,2010,1.54
1694,St. Vincent and the Grenadines,2000,2.38
1695,St. Vincent and the Grenadines,2001,2.32
1696,St. Vincent and the Grenadines,2002,2.27
1697,St. Vincent and the Grenadines,2003,2.23
1698,St. Vincent and the Grenadines,2004,2.2
1699,St. Vincent and the Grenadines,2005,2.17
1700,St. Vincent and the Grenadines,2006,2.15
1701,St. Vincent and the Grenadines,2007,2.13
1702,St. Vincent and the Grenadines,2008,2.11
1703,St. Vincent and the Grenadines,2009,2.09
1704,St. Vincent and the Grenadines,2010,2.07
1705,Sudan,2000,5.47
1706,Sudan,2001,5.4
1707,Sudan,2002,5.33
1708,Sudan,2003,5.27
1709,Sudan,2004,5.2
1710,Sudan,2005,5.14
1711,Sudan,2006,5.09
1712,Sudan,2007,5.03
1713,Sudan,2008,4.98
1714,Sudan,2009,4.93
1715,Sudan,2010,4.88
1716,Suriname,2000,2.86
1717,Suriname,2001,2.82
1718,Suriname,2002,2.78
1719,Suriname,2003,2.75
1720,Suriname,2004,2.71
1721,Suriname,2005,2.67
1722,Suriname,2006,2.64
1723,Suriname,2007,2.61
1724,Suriname,2008,2.58
1725,Suriname,2009,2.55
1726,Suriname,2010,2.52
1727,Swaziland,2000,4.19
1728,Swaziland,2001,4.11
1729,Swaziland,2002,4.04
1730,Swaziland,2003,3.98
1731,Swaziland,2004,3.93
1732,Swaziland,2005,3.87
1733,Swaziland,2006,3.82
1734,Swaziland,2007,3.76
1735,Swaziland,2008,3.69
1736,Swaziland,2009,3.61
1737,Swaziland,2010,3.53
1738,Sweden,2000,1.56
1739,Sweden,2001,1.58
1740,Sweden,2002,1.67
1741,Sweden,2003,1.73
1742,Sweden,2004,1.77
1743,Sweden,2005,1.79
1744,Sweden,2006,1.87
1745,Sweden,2007,1.89
1746,Sweden,2008,1.92
1747,Sweden,2009,1.94
1748,Sweden,2010,1.99
1749,Switzerland,2000,1.44
1750,Switzerland,2001,1.43
1751,Switzerland,2002,1.42
1752,Switzerland,2003,1.42
1753,Switzerland,2004,1.42
1754,Switzerland,2005,1.43
1755,Switzerland,2006,1.44
1756,Switzerland,2007,1.46
1757,Switzerland,2008,1.47
1758,Switzerland,2009,1.49
1759,Switzerland,2010,1.5
1760,Syria,2000,4.04
1761,Syria,2001,3.94
1762,Syria,2002,3.84
1763,Syria,2003,3.74
1764,Syria,2004,3.65
1765,Syria,2005,3.56
1766,Syria,2006,3.47
1767,Syria,2007,3.39
1768,Syria,2008,3.33
1769,Syria,2009,3.26
1770,Syria,2010,3.21
1771,Tajikistan,2000,3.91
1772,Tajikistan,2001,3.78
1773,Tajikistan,2002,3.68
1774,Tajikistan,2003,3.59
1775,Tajikistan,2004,3.53
1776,Tajikistan,2005,3.5
1777,Tajikistan,2006,3.49
1778,Tajikistan,2007,3.49
1779,Tajikistan,2008,3.49
1780,Tajikistan,2009,3.5
1781,Tajikistan,2010,3.51
1782,Tanzania,2000,5.69
1783,Tanzania,2001,5.68
1784,Tanzania,2002,5.67
1785,Tanzania,2003,5.66
1786,Tanzania,2004,5.65
1787,Tanzania,2005,5.64
1788,Tanzania,2006,5.62
1789,Tanzania,2007,5.58
1790,Tanzania,2008,5.54
1791,Tanzania,2009,5.49
1792,Tanzania,2010,5.43
1793,Thailand,2000,1.67
1794,Thailand,2001,1.64
1795,Thailand,2002,1.62
1796,Thailand,2003,1.6
1797,Thailand,2004,1.58
1798,Thailand,2005,1.57
1799,Thailand,2006,1.56
1800,Thailand,2007,1.56
1801,Thailand,2008,1.55
1802,Thailand,2009,1.55
1803,Thailand,2010,1.55
1804,Timor-Leste,2000,7.11
1805,Timor-Leste,2001,7.09
1806,Timor-Leste,2002,7.04
1807,Timor-Leste,2003,6.97
1808,Timor-Leste,2004,6.88
1809,Timor-Leste,2005,6.79
1810,Timor-Leste,2006,6.69
1811,Timor-Leste,2007,6.59
1812,Timor-Leste,2008,6.48
1813,Timor-Leste,2009,6.36
1814,Timor-Leste,2010,6.23
1815,Togo,2000,5.41
1816,Togo,2001,5.36
1817,Togo,2002,5.32
1818,Togo,2003,5.28
1819,Togo,2004,5.23
1820,Togo,2005,5.18
1821,Togo,2006,5.12
1822,Togo,2007,5.06
1823,Togo,2008,5.0
1824,Togo,2009,4.94
1825,Togo,2010,4.87
1826,Tonga,2000,4.25
1827,Tonga,2001,4.24
1828,Tonga,2002,4.22
1829,Tonga,2003,4.2
1830,Tonga,2004,4.18
1831,Tonga,2005,4.14
1832,Tonga,2006,4.1
1833,Tonga,2007,4.06
1834,Tonga,2008,4.01
1835,Tonga,2009,3.96
1836,Tonga,2010,3.91
1837,Trinidad and Tobago,2000,1.75
1838,Trinidad and Tobago,2001,1.74
1839,Trinidad and Tobago,2002,1.74
1840,Trinidad and Tobago,2003,1.75
1841,Trinidad and Tobago,2004,1.76
1842,Trinidad and Tobago,2005,1.77
1843,Trinidad and Tobago,2006,1.78
1844,Trinidad and Tobago,2007,1.79
1845,Trinidad and Tobago,2008,1.8
1846,Trinidad and Tobago,2009,1.8
1847,Trinidad and Tobago,2010,1.81
1848,Tunisia,2000,2.14
1849,Tunisia,2001,2.09
1850,Tunisia,2002,2.05
1851,Tunisia,2003,2.02
1852,Tunisia,2004,2.0
1853,Tunisia,2005,1.99
1854,Tunisia,2006,2.0
1855,Tunisia,2007,2.02
1856,Tunisia,2008,2.06
1857,Tunisia,2009,2.1
1858,Tunisia,2010,2.14
1859,Turkey,2000,2.5
1860,Turkey,2001,2.45
1861,Turkey,2002,2.4
1862,Turkey,2003,2.35
1863,Turkey,2004,2.31
1864,Turkey,2005,2.27
1865,Turkey,2006,2.24
1866,Turkey,2007,2.21
1867,Turkey,2008,2.19
1868,Turkey,2009,2.17
1869,Turkey,2010,2.16
1870,Turkmenistan,2000,2.82
1871,Turkmenistan,2001,2.77
1872,Turkmenistan,2002,2.73
1873,Turkmenistan,2003,2.7
1874,Turkmenistan,2004,2.67
1875,Turkmenistan,2005,2.65
1876,Turkmenistan,2006,2.65
1877,Turkmenistan,2007,2.67
1878,Turkmenistan,2008,2.71
1879,Turkmenistan,2009,2.77
1880,Turkmenistan,2010,2.83
1881,Uganda,2000,6.87
1882,Uganda,2001,6.82
1883,Uganda,2002,6.77
1884,Uganda,2003,6.72
1885,Uganda,2004,6.65
1886,Uganda,2005,6.58
1887,Uganda,2006,6.51
1888,Uganda,2007,6.42
1889,Uganda,2008,6.34
1890,Uganda,2009,6.25
1891,Uganda,2010,6.15
1892,Ukraine,2000,1.15
1893,Ukraine,2001,1.14
1894,Ukraine,2002,1.15
1895,Ukraine,2003,1.17
1896,Ukraine,2004,1.2
1897,Ukraine,2005,1.25
1898,Ukraine,2006,1.3
1899,Ukraine,2007,1.34
1900,Ukraine,2008,1.38
1901,Ukraine,2009,1.42
1902,Ukraine,2010,1.45
1903,United Arab Emirates,2000,2.64
1904,United Arab Emirates,2001,2.53
1905,United Arab Emirates,2002,2.43
1906,United Arab Emirates,2003,2.33
1907,United Arab Emirates,2004,2.24
1908,United Arab Emirates,2005,2.15
1909,United Arab Emirates,2006,2.07
1910,United Arab Emirates,2007,2.01
1911,United Arab Emirates,2008,1.95
1912,United Arab Emirates,2009,1.9
1913,United Arab Emirates,2010,1.87
1914,United Kingdom,2000,1.68
1915,United Kingdom,2001,1.67
1916,United Kingdom,2002,1.67
1917,United Kingdom,2003,1.69
1918,United Kingdom,2004,1.72
1919,United Kingdom,2005,1.76
1920,United Kingdom,2006,1.8
1921,United Kingdom,2007,1.84
1922,United Kingdom,2008,1.86
1923,United Kingdom,2009,1.88
1924,United Kingdom,2010,1.89
1925,United States,2000,2.05
1926,United States,2001,2.03
1927,United States,2002,2.02
1928,United States,2003,2.05
1929,United States,2004,2.06
1930,United States,2005,2.06
1931,United States,2006,2.11
1932,United States,2007,2.12
1933,United States,2008,2.07
1934,United States,2009,2.0
1935,United States,2010,1.93
1936,Uruguay,2000,2.24
1937,Uruguay,2001,2.22
1938,Uruguay,2002,2.21
1939,Uruguay,2003,2.19
1940,Uruguay,2004,2.17
1941,Uruguay,2005,2.16
1942,Uruguay,2006,2.14
1943,Uruguay,2007,2.13
1944,Uruguay,2008,2.11
1945,Uruguay,2009,2.09
1946,Uruguay,2010,2.08
1947,Uzbekistan,2000,2.74
1948,Uzbekistan,2001,2.64
1949,Uzbekistan,2002,2.56
1950,Uzbekistan,2003,2.51
1951,Uzbekistan,2004,2.48
1952,Uzbekistan,2005,2.46
1953,Uzbekistan,2006,2.46
1954,Uzbekistan,2007,2.46
1955,Uzbekistan,2008,2.46
1956,Uzbekistan,2009,2.46
1957,Uzbekistan,2010,2.44
1958,Vanuatu,2000,4.37
1959,Vanuatu,2001,4.27
1960,Vanuatu,2002,4.16
1961,Vanuatu,2003,4.06
1962,Vanuatu,2004,3.95
1963,Vanuatu,2005,3.85
1964,Vanuatu,2006,3.76
1965,Vanuatu,2007,3.68
1966,Vanuatu,2008,3.61
1967,Vanuatu,2009,3.55
1968,Vanuatu,2010,3.5
1969,Venezuela,2000,2.82
1970,Venezuela,2001,2.78
1971,Venezuela,2002,2.74
1972,Venezuela,2003,2.7
1973,Venezuela,2004,2.66
1974,Venezuela,2005,2.63
1975,Venezuela,2006,2.6
1976,Venezuela,2007,2.56
1977,Venezuela,2008,2.53
1978,Venezuela,2009,2.5
1979,Venezuela,2010,2.47
1980,Vietnam,2000,2.01
1981,Vietnam,2001,1.95
1982,Vietnam,2002,1.92
1983,Vietnam,2003,1.9
1984,Vietnam,2004,1.89
1985,Vietnam,2005,1.89
1986,Vietnam,2006,1.9
1987,Vietnam,2007,1.91
1988,Vietnam,2008,1.92
1989,Vietnam,2009,1.94
1990,Vietnam,2010,1.95
1991,Yemen,2000,6.31
1992,Yemen,2001,6.13
1993,Yemen,2002,5.95
1994,Yemen,2003,5.78
1995,Yemen,2004,5.6
1996,Yemen,2005,5.43
1997,Yemen,2006,5.25
1998,Yemen,2007,5.09
1999,Yemen,2008,4.94
2000,Yemen,2009,4.8
2001,Yemen,2010,4.67
2002,Zambia,2000,6.04
2003,Zambia,2001,6.0
2004,Zambia,2002,5.96
2005,Zambia,2003,5.92
2006,Zambia,2004,5.86
2007,Zambia,2005,5.79
2008,Zambia,2006,5.72
2009,Zambia,2007,5.64
2010,Zambia,2008,5.56
2011,Zambia,2009,5.48
2012,Zambia,2010,5.4
2013,Zimbabwe,2000,4.06
2014,Zimbabwe,2001,4.02
2015,Zimbabwe,2002,4.0
2016,Zimbabwe,2003,3.99
2017,Zimbabwe,2004,3.98
2018,Zimbabwe,2005,3.99
2019,Zimbabwe,2006,3.99
2020,Zimbabwe,2007,4.0
2021,Zimbabwe,2008,4.01
2022,Zimbabwe,2009,4.02
2023,Zimbabwe,2010,4.03
