,country,year,sugar_g_day
0,Afghanistan,2000,8.74
1,Afghanistan,2001,8.4
2,Afghanistan,2002,9.46
3,Afghanistan,2003,12.2
4,Afghanistan,2004,15.5
5,Afghanistan,2005,18.6
6,Afghanistan,2006,19.7
7,Afghanistan,2007,20.8
8,Afghanistan,2008,23.4
9,Afghanistan,2009,23.3
10,Afghanistan,2010,24.3
11,Albania,2000,63.4
12,Albania,2001,66.6
13,Albania,2002,70.7
14,Albania,2003,67.0
15,Albania,2004,55.0
16,Albania,2005,58.6
17,Albania,2006,67.2
18,Albania,2007,75.5
19,Albania,2008,102.0
20,Albania,2009,117.0
21,Albania,2010,113.0
22,Algeria,2000,78.6
23,Algeria,2001,77.4
24,Algeria,2002,80.5
25,Algeria,2003,82.8
26,Algeria,2004,84.3
27,Algeria,2005,75.5
28,Algeria,2006,77.9
29,Algeria,2007,86.7
30,Algeria,2008,78.5
31,Algeria,2009,85.3
32,Algeria,2010,85.6
33,Angola,2000,26.5
34,Angola,2001,29.4
35,Angola,2002,36.3
36,Angola,2003,41.5
37,Angola,2004,39.3
38,Angola,2005,37.1
39,Angola,2006,38.3
40,Angola,2007,39.5
41,Angola,2008,44.1
42,Angola,2009,40.2
43,Angola,2010,38.9
44,Antigua and Barbuda,2000,86.6
45,Antigua and Barbuda,2001,86.7
46,Antigua and Barbuda,2002,86.4
47,Antigua and Barbuda,2003,83.5
48,Antigua and Barbuda,2004,93.1
49,Antigua and Barbuda,2005,79.7
50,Antigua and Barbuda,2006,85.0
51,Antigua and Barbuda,2007,87.3
52,Antigua and Barbuda,2008,89.2
53,Antigua and Barbuda,2009,87.6
54,Antigua and Barbuda,2010,87.6
55,Argentina,2000,131.0
56,Argentina,2001,131.0
57,Argentina,2002,128.0
58,Argentina,2003,128.0
59,Argentina,2004,131.0
60,Argentina,2005,136.0
61,Argentina,2006,133.0
62,Argentina,2007,134.0
63,Argentina,2008,133.0
64,Argentina,2009,132.0
65,Argentina,2010,131.0
66,Armenia,2000,67.0
67,Armenia,2001,70.9
68,Armenia,2002,77.0
69,Armenia,2003,87.6
70,Armenia,2004,85.1
71,Armenia,2005,94.1
72,Armenia,2006,92.8
73,Armenia,2007,94.0
74,Armenia,2008,98.9
75,Armenia,2009,103.0
76,Armenia,2010,112.0
77,Australia,2000,123.0
78,Australia,2001,125.0
79,Australia,2002,125.0
80,Australia,2003,128.0
81,Australia,2004,128.0
82,Australia,2005,128.0
83,Australia,2006,127.0
84,Australia,2007,130.0
85,Australia,2008,129.0
86,Australia,2009,126.0
87,Australia,2010,126.0
88,Austria,2000,127.0
89,Austria,2001,125.0
90,Austria,2002,123.0
91,Austria,2003,127.0
92,Austria,2004,130.0
93,Austria,2005,136.0
94,Austria,2006,134.0
95,Austria,2007,129.0
96,Austria,2008,134.0
97,Austria,2009,128.0
98,Austria,2010,132.0
99,Azerbaijan,2000,29.9
100,Azerbaijan,2001,35.0
101,Azerbaijan,2002,43.2
102,Azerbaijan,2003,44.9
103,Azerbaijan,2004,42.6
104,Azerbaijan,2005,48.8
105,Azerbaijan,2006,50.5
106,Azerbaijan,2007,37.0
107,Azerbaijan,2008,39.6
108,Azerbaijan,2009,40.0
109,Azerbaijan,2010,43.4
110,Bahamas,2000,121.0
111,Bahamas,2001,121.0
112,Bahamas,2002,106.0
113,Bahamas,2003,130.0
114,Bahamas,2004,132.0
115,Bahamas,2005,137.0
116,Bahamas,2006,127.0
117,Bahamas,2007,124.0
118,Bahamas,2008,125.0
119,Bahamas,2009,120.0
120,Bahamas,2010,119.0
121,Bangladesh,2000,18.1
122,Bangladesh,2001,22.3
123,Bangladesh,2002,18.5
124,Bangladesh,2003,17.1
125,Bangladesh,2004,21.9
126,Bangladesh,2005,28.7
127,Bangladesh,2006,24.6
128,Bangladesh,2007,23.7
129,Bangladesh,2008,22.7
130,Bangladesh,2009,22.8
131,Bangladesh,2010,21.9
132,Barbados,2000,149.0
133,Barbados,2001,151.0
134,Barbados,2002,149.0
135,Barbados,2003,150.0
136,Barbados,2004,148.0
137,Barbados,2005,151.0
138,Barbados,2006,151.0
139,Barbados,2007,153.0
140,Barbados,2008,160.0
141,Barbados,2009,160.0
142,Barbados,2010,161.0
143,Belarus,2000,107.0
144,Belarus,2001,111.0
145,Belarus,2002,111.0
146,Belarus,2003,91.6
147,Belarus,2004,96.3
148,Belarus,2005,105.0
149,Belarus,2006,96.3
150,Belarus,2007,104.0
151,Belarus,2008,113.0
152,Belarus,2009,118.0
153,Belarus,2010,102.0
154,Belgium,2000,151.0
155,Belgium,2001,149.0
156,Belgium,2002,148.0
157,Belgium,2003,149.0
158,Belgium,2004,146.0
159,Belgium,2005,146.0
160,Belgium,2006,140.0
161,Belgium,2007,138.0
162,Belgium,2008,144.0
163,Belgium,2009,149.0
164,Belgium,2010,156.0
165,Belize,2000,122.0
166,Belize,2001,118.0
167,Belize,2002,121.0
168,Belize,2003,126.0
169,Belize,2004,121.0
170,Belize,2005,118.0
171,Belize,2006,117.0
172,Belize,2007,120.0
173,Belize,2008,115.0
174,Belize,2009,119.0
175,Belize,2010,123.0
176,Benin,2000,12.8
177,Benin,2001,11.2
178,Benin,2002,13.5
179,Benin,2003,14.8
180,Benin,2004,9.82
181,Benin,2005,8.9
182,Benin,2006,9.06
183,Benin,2007,8.24
184,Benin,2008,14.5
185,Benin,2009,13.6
186,Benin,2010,14.6
187,Bolivia,2000,76.0
188,Bolivia,2001,77.0
189,Bolivia,2002,75.9
190,Bolivia,2003,74.9
191,Bolivia,2004,74.6
192,Bolivia,2005,74.3
193,Bolivia,2006,71.3
194,Bolivia,2007,70.4
195,Bolivia,2008,71.2
196,Bolivia,2009,69.8
197,Bolivia,2010,70.6
198,Bosnia and Herzegovina,2000,37.0
199,Bosnia and Herzegovina,2001,45.7
200,Bosnia and Herzegovina,2002,46.0
201,Bosnia and Herzegovina,2003,41.0
202,Bosnia and Herzegovina,2004,44.3
203,Bosnia and Herzegovina,2005,46.4
204,Bosnia and Herzegovina,2006,52.4
205,Bosnia and Herzegovina,2007,57.0
206,Bosnia and Herzegovina,2008,59.3
207,Bosnia and Herzegovina,2009,52.4
208,Bosnia and Herzegovina,2010,53.8
209,Botswana,2000,65.4
210,Botswana,2001,67.0
211,Botswana,2002,67.6
212,Botswana,2003,81.0
213,Botswana,2004,77.6
214,Botswana,2005,79.3
215,Botswana,2006,81.4
216,Botswana,2007,84.9
217,Botswana,2008,79.1
218,Botswana,2009,83.2
219,Botswana,2010,93.4
220,Brazil,2000,109.0
221,Brazil,2001,109.0
222,Brazil,2002,108.0
223,Brazil,2003,114.0
224,Brazil,2004,115.0
225,Brazil,2005,115.0
226,Brazil,2006,115.0
227,Brazil,2007,114.0
228,Brazil,2008,116.0
229,Brazil,2009,115.0
230,Brazil,2010,117.0
231,Brunei,2000,89.6
232,Brunei,2001,109.0
233,Brunei,2002,82.2
234,Brunei,2003,107.0
235,Brunei,2004,124.0
236,Brunei,2005,125.0
237,Brunei,2006,129.0
238,Brunei,2007,133.0
239,Brunei,2008,125.0
240,Brunei,2009,135.0
241,Brunei,2010,136.0
242,Bulgaria,2000,79.2
243,Bulgaria,2001,85.7
244,Bulgaria,2002,84.7
245,Bulgaria,2003,84.0
246,Bulgaria,2004,86.1
247,Bulgaria,2005,94.5
248,Bulgaria,2006,97.6
249,Bulgaria,2007,93.1
250,Bulgaria,2008,92.7
251,Bulgaria,2009,87.5
252,Bulgaria,2010,72.2
253,Burkina Faso,2000,9.17
254,Burkina Faso,2001,12.4
255,Burkina Faso,2002,16.2
256,Burkina Faso,2003,12.4
257,Burkina Faso,2004,10.3
258,Burkina Faso,2005,16.6
259,Burkina Faso,2006,17.0
260,Burkina Faso,2007,18.7
261,Burkina Faso,2008,13.1
262,Burkina Faso,2009,13.0
263,Burkina Faso,2010,13.3
264,Cambodia,2000,23.0
265,Cambodia,2001,31.8
266,Cambodia,2002,51.3
267,Cambodia,2003,47.7
268,Cambodia,2004,62.9
269,Cambodia,2005,49.0
270,Cambodia,2006,48.1
271,Cambodia,2007,48.4
272,Cambodia,2008,56.9
273,Cambodia,2009,54.1
274,Cambodia,2010,51.3
275,Cameroon,2000,24.1
276,Cameroon,2001,24.6
277,Cameroon,2002,29.3
278,Cameroon,2003,27.3
279,Cameroon,2004,26.8
280,Cameroon,2005,25.6
281,Cameroon,2006,23.5
282,Cameroon,2007,27.4
283,Cameroon,2008,26.2
284,Cameroon,2009,21.5
285,Cameroon,2010,26.4
286,Canada,2000,139.0
287,Canada,2001,145.0
288,Canada,2002,153.0
289,Canada,2003,153.0
290,Canada,2004,149.0
291,Canada,2005,147.0
292,Canada,2006,145.0
293,Canada,2007,146.0
294,Canada,2008,141.0
295,Canada,2009,136.0
296,Canada,2010,126.0
297,Cape Verde,2000,65.5
298,Cape Verde,2001,76.2
299,Cape Verde,2002,67.9
300,Cape Verde,2003,70.5
301,Cape Verde,2004,71.0
302,Cape Verde,2005,66.9
303,Cape Verde,2006,61.9
304,Cape Verde,2007,61.0
305,Cape Verde,2008,60.8
306,Cape Verde,2009,60.6
307,Cape Verde,2010,58.0
308,Central African Republic,2000,27.7
309,Central African Republic,2001,21.4
310,Central African Republic,2002,21.3
311,Central African Republic,2003,26.2
312,Central African Republic,2004,28.2
313,Central African Republic,2005,28.5
314,Central African Republic,2006,24.0
315,Central African Republic,2007,25.7
316,Central African Republic,2008,25.7
317,Central African Republic,2009,24.6
318,Central African Republic,2010,23.3
319,Chad,2000,20.2
320,Chad,2001,19.5
321,Chad,2002,20.6
322,Chad,2003,19.6
323,Chad,2004,23.1
324,Chad,2005,25.1
325,Chad,2006,25.2
326,Chad,2007,24.9
327,Chad,2008,22.4
328,Chad,2009,21.3
329,Chad,2010,25.3
330,Chile,2000,125.0
331,Chile,2001,122.0
332,Chile,2002,124.0
333,Chile,2003,117.0
334,Chile,2004,119.0
335,Chile,2005,119.0
336,Chile,2006,119.0
337,Chile,2007,129.0
338,Chile,2008,130.0
339,Chile,2009,130.0
340,Chile,2010,133.0
341,China,2000,15.7
342,China,2001,16.5
343,China,2002,15.7
344,China,2003,17.4
345,China,2004,16.7
346,China,2005,16.9
347,China,2006,17.2
348,China,2007,17.7
349,China,2008,17.5
350,China,2009,18.0
351,China,2010,17.9
352,Colombia,2000,172.0
353,Colombia,2001,175.0
354,Colombia,2002,172.0
355,Colombia,2003,173.0
356,Colombia,2004,174.0
357,Colombia,2005,169.0
358,Colombia,2006,167.0
359,Colombia,2007,167.0
360,Colombia,2008,167.0
361,Colombia,2009,164.0
362,Colombia,2010,150.0
363,"Congo, Rep.",2000,27.3
364,"Congo, Rep.",2001,31.8
365,"Congo, Rep.",2002,34.8
366,"Congo, Rep.",2003,37.2
367,"Congo, Rep.",2004,41.2
368,"Congo, Rep.",2005,39.8
369,"Congo, Rep.",2006,42.1
370,"Congo, Rep.",2007,51.9
371,"Congo, Rep.",2008,52.0
372,"Congo, Rep.",2009,38.6
373,"Congo, Rep.",2010,37.1
374,Costa Rica,2000,155.0
375,Costa Rica,2001,151.0
376,Costa Rica,2002,152.0
377,Costa Rica,2003,153.0
378,Costa Rica,2004,152.0
379,Costa Rica,2005,157.0
380,Costa Rica,2006,158.0
381,Costa Rica,2007,161.0
382,Costa Rica,2008,154.0
383,Costa Rica,2009,150.0
384,Costa Rica,2010,150.0
385,Cote d'Ivoire,2000,22.3
386,Cote d'Ivoire,2001,23.2
387,Cote d'Ivoire,2002,28.4
388,Cote d'Ivoire,2003,29.1
389,Cote d'Ivoire,2004,27.3
390,Cote d'Ivoire,2005,27.3
391,Cote d'Ivoire,2006,26.6
392,Cote d'Ivoire,2007,28.3
393,Cote d'Ivoire,2008,27.6
394,Cote d'Ivoire,2009,25.2
395,Cote d'Ivoire,2010,27.1
396,Croatia,2000,125.0
397,Croatia,2001,158.0
398,Croatia,2002,170.0
399,Croatia,2003,186.0
400,Croatia,2004,178.0
401,Croatia,2005,168.0
402,Croatia,2006,171.0
403,Croatia,2007,132.0
404,Croatia,2008,140.0
405,Croatia,2009,138.0
406,Croatia,2010,148.0
407,Cuba,2000,180.0
408,Cuba,2001,170.0
409,Cuba,2002,156.0
410,Cuba,2003,148.0
411,Cuba,2004,170.0
412,Cuba,2005,148.0
413,Cuba,2006,139.0
414,Cuba,2007,137.0
415,Cuba,2008,122.0
416,Cuba,2009,162.0
417,Cuba,2010,165.0
418,Cyprus,2000,99.5
419,Cyprus,2001,90.3
420,Cyprus,2002,106.0
421,Cyprus,2003,111.0
422,Cyprus,2004,113.0
423,Cyprus,2005,105.0
424,Cyprus,2006,91.2
425,Cyprus,2007,100.0
426,Cyprus,2008,95.7
427,Cyprus,2009,90.3
428,Cyprus,2010,88.7
429,Czech Republic,2000,121.0
430,Czech Republic,2001,127.0
431,Czech Republic,2002,140.0
432,Czech Republic,2003,150.0
433,Czech Republic,2004,150.0
434,Czech Republic,2005,103.0
435,Czech Republic,2006,88.0
436,Czech Republic,2007,95.2
437,Czech Republic,2008,95.8
438,Czech Republic,2009,107.0
439,Czech Republic,2010,111.0
440,Denmark,2000,147.0
441,Denmark,2001,142.0
442,Denmark,2002,158.0
443,Denmark,2003,158.0
444,Denmark,2004,159.0
445,Denmark,2005,139.0
446,Denmark,2006,148.0
447,Denmark,2007,172.0
448,Denmark,2008,147.0
449,Denmark,2009,144.0
450,Denmark,2010,147.0
451,Djibouti,2000,73.2
452,Djibouti,2001,72.2
453,Djibouti,2002,73.5
454,Djibouti,2003,74.6
455,Djibouti,2004,73.1
456,Djibouti,2005,73.5
457,Djibouti,2006,74.7
458,Djibouti,2007,79.4
459,Djibouti,2008,82.1
460,Djibouti,2009,80.6
461,Djibouti,2010,83.4
462,Dominica,2000,118.0
463,Dominica,2001,116.0
464,Dominica,2002,116.0
465,Dominica,2003,118.0
466,Dominica,2004,124.0
467,Dominica,2005,121.0
468,Dominica,2006,125.0
469,Dominica,2007,126.0
470,Dominica,2008,126.0
471,Dominica,2009,123.0
472,Dominica,2010,122.0
473,Dominican Republic,2000,96.1
474,Dominican Republic,2001,111.0
475,Dominican Republic,2002,111.0
476,Dominican Republic,2003,106.0
477,Dominican Republic,2004,106.0
478,Dominican Republic,2005,108.0
479,Dominican Republic,2006,102.0
480,Dominican Republic,2007,105.0
481,Dominican Republic,2008,103.0
482,Dominican Republic,2009,95.8
483,Dominican Republic,2010,90.1
484,Ecuador,2000,52.0
485,Ecuador,2001,50.1
486,Ecuador,2002,49.0
487,Ecuador,2003,50.8
488,Ecuador,2004,49.5
489,Ecuador,2005,49.7
490,Ecuador,2006,56.2
491,Ecuador,2007,49.6
492,Ecuador,2008,54.2
493,Ecuador,2009,52.3
494,Ecuador,2010,49.0
495,Egypt,2000,82.1
496,Egypt,2001,88.1
497,Egypt,2002,83.5
498,Egypt,2003,76.4
499,Egypt,2004,75.9
500,Egypt,2005,74.4
501,Egypt,2006,72.5
502,Egypt,2007,72.5
503,Egypt,2008,74.6
504,Egypt,2009,68.5
505,Egypt,2010,81.2
506,El Salvador,2000,115.0
507,El Salvador,2001,112.0
508,El Salvador,2002,108.0
509,El Salvador,2003,105.0
510,El Salvador,2004,103.0
511,El Salvador,2005,109.0
512,El Salvador,2006,116.0
513,El Salvador,2007,113.0
514,El Salvador,2008,112.0
515,El Salvador,2009,112.0
516,El Salvador,2010,108.0
517,Estonia,2000,150.0
518,Estonia,2001,151.0
519,Estonia,2002,118.0
520,Estonia,2003,120.0
521,Estonia,2004,144.0
522,Estonia,2005,144.0
523,Estonia,2006,131.0
524,Estonia,2007,131.0
525,Estonia,2008,119.0
526,Estonia,2009,127.0
527,Estonia,2010,126.0
528,Ethiopia,2000,11.5
529,Ethiopia,2001,11.6
530,Ethiopia,2002,11.3
531,Ethiopia,2003,11.6
532,Ethiopia,2004,15.4
533,Ethiopia,2005,15.0
534,Ethiopia,2006,15.8
535,Ethiopia,2007,15.3
536,Ethiopia,2008,16.3
537,Ethiopia,2009,14.8
538,Ethiopia,2010,16.1
539,Fiji,2000,78.8
540,Fiji,2001,90.3
541,Fiji,2002,92.6
542,Fiji,2003,99.0
543,Fiji,2004,103.0
544,Fiji,2005,110.0
545,Fiji,2006,112.0
546,Fiji,2007,111.0
547,Fiji,2008,106.0
548,Fiji,2009,109.0
549,Fiji,2010,99.5
550,Finland,2000,105.0
551,Finland,2001,95.8
552,Finland,2002,95.3
553,Finland,2003,94.1
554,Finland,2004,95.4
555,Finland,2005,93.2
556,Finland,2006,91.4
557,Finland,2007,94.4
558,Finland,2008,81.9
559,Finland,2009,92.7
560,Finland,2010,84.4
561,France,2000,109.0
562,France,2001,112.0
563,France,2002,113.0
564,France,2003,111.0
565,France,2004,113.0
566,France,2005,114.0
567,France,2006,104.0
568,France,2007,102.0
569,France,2008,99.5
570,France,2009,111.0
571,France,2010,104.0
572,Gabon,2000,43.1
573,Gabon,2001,42.3
574,Gabon,2002,43.6
575,Gabon,2003,44.8
576,Gabon,2004,45.1
577,Gabon,2005,43.7
578,Gabon,2006,43.0
579,Gabon,2007,43.6
580,Gabon,2008,39.7
581,Gabon,2009,43.5
582,Gabon,2010,44.4
583,Gambia,2000,93.5
584,Gambia,2001,72.9
585,Gambia,2002,78.0
586,Gambia,2003,75.0
587,Gambia,2004,80.3
588,Gambia,2005,81.4
589,Gambia,2006,73.6
590,Gambia,2007,77.9
591,Gambia,2008,72.6
592,Gambia,2009,69.5
593,Gambia,2010,69.2
594,Georgia,2000,84.0
595,Georgia,2001,81.1
596,Georgia,2002,89.6
597,Georgia,2003,92.1
598,Georgia,2004,103.0
599,Georgia,2005,106.0
600,Georgia,2006,108.0
601,Georgia,2007,117.0
602,Georgia,2008,124.0
603,Georgia,2009,117.0
604,Georgia,2010,85.3
605,Germany,2000,115.0
606,Germany,2001,125.0
607,Germany,2002,124.0
608,Germany,2003,133.0
609,Germany,2004,135.0
610,Germany,2005,140.0
611,Germany,2006,132.0
612,Germany,2007,126.0
613,Germany,2008,136.0
614,Germany,2009,132.0
615,Germany,2010,137.0
616,Ghana,2000,20.2
617,Ghana,2001,19.8
618,Ghana,2002,20.1
619,Ghana,2003,19.0
620,Ghana,2004,22.8
621,Ghana,2005,26.0
622,Ghana,2006,26.5
623,Ghana,2007,27.7
624,Ghana,2008,26.1
625,Ghana,2009,30.9
626,Ghana,2010,35.8
627,Greece,2000,90.4
628,Greece,2001,94.4
629,Greece,2002,94.2
630,Greece,2003,96.2
631,Greece,2004,100.0
632,Greece,2005,93.2
633,Greece,2006,78.3
634,Greece,2007,86.0
635,Greece,2008,85.1
636,Greece,2009,75.7
637,Greece,2010,77.3
638,Grenada,2000,97.9
639,Grenada,2001,99.1
640,Grenada,2002,101.0
641,Grenada,2003,103.0
642,Grenada,2004,103.0
643,Grenada,2005,104.0
644,Grenada,2006,104.0
645,Grenada,2007,102.0
646,Grenada,2008,104.0
647,Grenada,2009,102.0
648,Grenada,2010,104.0
649,Guatemala,2000,121.0
650,Guatemala,2001,117.0
651,Guatemala,2002,131.0
652,Guatemala,2003,140.0
653,Guatemala,2004,136.0
654,Guatemala,2005,144.0
655,Guatemala,2006,137.0
656,Guatemala,2007,152.0
657,Guatemala,2008,135.0
658,Guatemala,2009,148.0
659,Guatemala,2010,136.0
660,Guinea,2000,31.2
661,Guinea,2001,29.4
662,Guinea,2002,28.3
663,Guinea,2003,31.1
664,Guinea,2004,32.1
665,Guinea,2005,35.5
666,Guinea,2006,35.6
667,Guinea,2007,36.3
668,Guinea,2008,37.0
669,Guinea,2009,37.8
670,Guinea,2010,35.5
671,Guinea-Bissau,2000,13.9
672,Guinea-Bissau,2001,18.1
673,Guinea-Bissau,2002,14.3
674,Guinea-Bissau,2003,19.2
675,Guinea-Bissau,2004,30.3
676,Guinea-Bissau,2005,29.9
677,Guinea-Bissau,2006,29.1
678,Guinea-Bissau,2007,30.0
679,Guinea-Bissau,2008,29.1
680,Guinea-Bissau,2009,28.7
681,Guinea-Bissau,2010,29.8
682,Guyana,2000,93.5
683,Guyana,2001,108.0
684,Guyana,2002,101.0
685,Guyana,2003,105.0
686,Guyana,2004,108.0
687,Guyana,2005,100.0
688,Guyana,2006,100.0
689,Guyana,2007,113.0
690,Guyana,2008,107.0
691,Guyana,2009,102.0
692,Guyana,2010,110.0
693,Haiti,2000,60.1
694,Haiti,2001,60.9
695,Haiti,2002,63.9
696,Haiti,2003,58.6
697,Haiti,2004,60.8
698,Haiti,2005,60.1
699,Haiti,2006,60.3
700,Haiti,2007,59.7
701,Haiti,2008,58.7
702,Haiti,2009,56.6
703,Haiti,2010,47.9
704,Honduras,2000,109.0
705,Honduras,2001,109.0
706,Honduras,2002,108.0
707,Honduras,2003,115.0
708,Honduras,2004,114.0
709,Honduras,2005,116.0
710,Honduras,2006,124.0
711,Honduras,2007,126.0
712,Honduras,2008,126.0
713,Honduras,2009,128.0
714,Honduras,2010,127.0
715,Hungary,2000,105.0
716,Hungary,2001,104.0
717,Hungary,2002,102.0
718,Hungary,2003,103.0
719,Hungary,2004,103.0
720,Hungary,2005,98.8
721,Hungary,2006,102.0
722,Hungary,2007,95.9
723,Hungary,2008,98.3
724,Hungary,2009,93.9
725,Hungary,2010,94.0
726,Iceland,2000,147.0
727,Iceland,2001,142.0
728,Iceland,2002,145.0
729,Iceland,2003,144.0
730,Iceland,2004,138.0
731,Iceland,2005,131.0
732,Iceland,2006,129.0
733,Iceland,2007,127.0
734,Iceland,2008,128.0
735,Iceland,2009,133.0
736,Iceland,2010,134.0
737,India,2000,63.7
738,India,2001,64.1
739,India,2002,62.9
740,India,2003,66.2
741,India,2004,54.7
742,India,2005,54.2
743,India,2006,55.1
744,India,2007,56.2
745,India,2008,62.2
746,India,2009,62.4
747,India,2010,59.9
748,Indonesia,2000,44.4
749,Indonesia,2001,45.1
750,Indonesia,2002,45.1
751,Indonesia,2003,45.2
752,Indonesia,2004,44.9
753,Indonesia,2005,46.5
754,Indonesia,2006,39.6
755,Indonesia,2007,39.1
756,Indonesia,2008,37.9
757,Indonesia,2009,39.0
758,Indonesia,2010,39.3
759,Iran,2000,72.6
760,Iran,2001,72.6
761,Iran,2002,72.9
762,Iran,2003,73.0
763,Iran,2004,74.5
764,Iran,2005,75.3
765,Iran,2006,77.2
766,Iran,2007,76.3
767,Iran,2008,75.2
768,Iran,2009,77.0
769,Iran,2010,81.2
770,Iraq,2000,47.2
771,Iraq,2001,49.3
772,Iraq,2002,51.3
773,Iraq,2003,51.5
774,Iraq,2004,74.6
775,Iraq,2005,64.5
776,Iraq,2006,69.7
777,Iraq,2007,61.2
778,Iraq,2008,50.8
779,Iraq,2009,43.5
780,Iraq,2010,52.5
781,Ireland,2000,120.0
782,Ireland,2001,118.0
783,Ireland,2002,91.2
784,Ireland,2003,105.0
785,Ireland,2004,103.0
786,Ireland,2005,104.0
787,Ireland,2006,108.0
788,Ireland,2007,116.0
789,Ireland,2008,120.0
790,Ireland,2009,108.0
791,Ireland,2010,105.0
792,Israel,2000,145.0
793,Israel,2001,120.0
794,Israel,2002,122.0
795,Israel,2003,107.0
796,Israel,2004,74.9
797,Israel,2005,73.5
798,Israel,2006,70.6
799,Israel,2007,71.6
800,Israel,2008,69.4
801,Israel,2009,71.6
802,Israel,2010,75.5
803,Italy,2000,84.7
804,Italy,2001,87.4
805,Italy,2002,85.8
806,Italy,2003,85.8
807,Italy,2004,88.1
808,Italy,2005,87.4
809,Italy,2006,81.9
810,Italy,2007,81.3
811,Italy,2008,81.5
812,Italy,2009,81.2
813,Italy,2010,82.3
814,Jamaica,2000,161.0
815,Jamaica,2001,157.0
816,Jamaica,2002,157.0
817,Jamaica,2003,154.0
818,Jamaica,2004,136.0
819,Jamaica,2005,143.0
820,Jamaica,2006,131.0
821,Jamaica,2007,132.0
822,Jamaica,2008,151.0
823,Jamaica,2009,137.0
824,Jamaica,2010,137.0
825,Japan,2000,78.4
826,Japan,2001,80.8
827,Japan,2002,81.5
828,Japan,2003,82.3
829,Japan,2004,82.5
830,Japan,2005,78.6
831,Japan,2006,75.7
832,Japan,2007,82.5
833,Japan,2008,77.8
834,Japan,2009,75.6
835,Japan,2010,69.4
836,Jordan,2000,115.0
837,Jordan,2001,113.0
838,Jordan,2002,117.0
839,Jordan,2003,122.0
840,Jordan,2004,137.0
841,Jordan,2005,136.0
842,Jordan,2006,143.0
843,Jordan,2007,134.0
844,Jordan,2008,134.0
845,Jordan,2009,115.0
846,Jordan,2010,130.0
847,Kazakhstan,2000,56.9
848,Kazakhstan,2001,71.2
849,Kazakhstan,2002,81.2
850,Kazakhstan,2003,78.0
851,Kazakhstan,2004,91.9
852,Kazakhstan,2005,93.4
853,Kazakhstan,2006,85.0
854,Kazakhstan,2007,88.7
855,Kazakhstan,2008,86.8
856,Kazakhstan,2009,82.0
857,Kazakhstan,2010,72.7
858,Kenya,2000,57.3
859,Kenya,2001,53.9
860,Kenya,2002,52.3
861,Kenya,2003,51.8
862,Kenya,2004,51.7
863,Kenya,2005,52.3
864,Kenya,2006,51.0
865,Kenya,2007,49.3
866,Kenya,2008,48.3
867,Kenya,2009,47.0
868,Kenya,2010,46.8
869,Kiribati,2000,116.0
870,Kiribati,2001,123.0
871,Kiribati,2002,126.0
872,Kiribati,2003,129.0
873,Kiribati,2004,127.0
874,Kiribati,2005,125.0
875,Kiribati,2006,126.0
876,Kiribati,2007,124.0
877,Kiribati,2008,131.0
878,Kiribati,2009,125.0
879,Kiribati,2010,123.0
880,Kuwait,2000,110.0
881,Kuwait,2001,99.5
882,Kuwait,2002,119.0
883,Kuwait,2003,127.0
884,Kuwait,2004,117.0
885,Kuwait,2005,112.0
886,Kuwait,2006,108.0
887,Kuwait,2007,110.0
888,Kuwait,2008,106.0
889,Kuwait,2009,106.0
890,Kuwait,2010,98.4
891,Kyrgyz Republic,2000,37.1
892,Kyrgyz Republic,2001,34.1
893,Kyrgyz Republic,2002,38.9
894,Kyrgyz Republic,2003,39.9
895,Kyrgyz Republic,2004,56.6
896,Kyrgyz Republic,2005,62.9
897,Kyrgyz Republic,2006,70.5
898,Kyrgyz Republic,2007,68.0
899,Kyrgyz Republic,2008,70.0
900,Kyrgyz Republic,2009,68.9
901,Kyrgyz Republic,2010,69.8
902,Lao,2000,12.2
903,Lao,2001,12.8
904,Lao,2002,11.9
905,Lao,2003,12.2
906,Lao,2004,10.9
907,Lao,2005,14.4
908,Lao,2006,14.5
909,Lao,2007,16.6
910,Lao,2008,17.1
911,Lao,2009,16.9
912,Lao,2010,16.3
913,Latvia,2000,92.8
914,Latvia,2001,117.0
915,Latvia,2002,110.0
916,Latvia,2003,96.4
917,Latvia,2004,101.0
918,Latvia,2005,106.0
919,Latvia,2006,88.2
920,Latvia,2007,80.2
921,Latvia,2008,96.4
922,Latvia,2009,90.8
923,Latvia,2010,98.3
924,Lebanon,2000,133.0
925,Lebanon,2001,105.0
926,Lebanon,2002,102.0
927,Lebanon,2003,104.0
928,Lebanon,2004,106.0
929,Lebanon,2005,103.0
930,Lebanon,2006,103.0
931,Lebanon,2007,137.0
932,Lebanon,2008,131.0
933,Lebanon,2009,134.0
934,Lebanon,2010,145.0
935,Lesotho,2000,43.0
936,Lesotho,2001,43.4
937,Lesotho,2002,44.7
938,Lesotho,2003,47.6
939,Lesotho,2004,46.6
940,Lesotho,2005,45.6
941,Lesotho,2006,46.8
942,Lesotho,2007,47.2
943,Lesotho,2008,46.8
944,Lesotho,2009,47.2
945,Lesotho,2010,46.9
946,Liberia,2000,13.0
947,Liberia,2001,13.4
948,Liberia,2002,14.2
949,Liberia,2003,13.6
950,Liberia,2004,14.5
951,Liberia,2005,15.1
952,Liberia,2006,16.2
953,Liberia,2007,16.3
954,Liberia,2008,16.8
955,Liberia,2009,19.0
956,Liberia,2010,19.9
957,Lithuania,2000,101.0
958,Lithuania,2001,120.0
959,Lithuania,2002,110.0
960,Lithuania,2003,107.0
961,Lithuania,2004,106.0
962,Lithuania,2005,115.0
963,Lithuania,2006,126.0
964,Lithuania,2007,130.0
965,Lithuania,2008,137.0
966,Lithuania,2009,131.0
967,Lithuania,2010,118.0
968,Luxembourg,2000,127.0
969,Luxembourg,2001,124.0
970,Luxembourg,2002,122.0
971,Luxembourg,2003,121.0
972,Luxembourg,2004,122.0
973,Luxembourg,2005,139.0
974,Luxembourg,2006,141.0
975,Luxembourg,2007,142.0
976,Luxembourg,2008,141.0
977,Luxembourg,2009,144.0
978,Luxembourg,2010,137.0
979,"Macedonia, FYR",2000,102.0
980,"Macedonia, FYR",2001,96.1
981,"Macedonia, FYR",2002,99.6
982,"Macedonia, FYR",2003,100.0
983,"Macedonia, FYR",2004,103.0
984,"Macedonia, FYR",2005,93.7
985,"Macedonia, FYR",2006,95.9
986,"Macedonia, FYR",2007,99.0
987,"Macedonia, FYR",2008,110.0
988,"Macedonia, FYR",2009,100.0
989,"Macedonia, FYR",2010,111.0
990,Madagascar,2000,22.2
991,Madagascar,2001,16.4
992,Madagascar,2002,12.3
993,Madagascar,2003,19.1
994,Madagascar,2004,19.0
995,Madagascar,2005,18.8
996,Madagascar,2006,18.7
997,Madagascar,2007,19.4
998,Madagascar,2008,18.9
999,Madagascar,2009,22.1
1000,Madagascar,2010,21.8
1001,Malawi,2000,31.1
1002,Malawi,2001,33.3
1003,Malawi,2002,33.7
1004,Malawi,2003,34.1
1005,Malawi,2004,34.3
1006,Malawi,2005,34.1
1007,Malawi,2006,34.4
1008,Malawi,2007,34.5
1009,Malawi,2008,36.9
1010,Malawi,2009,32.4
1011,Malawi,2010,33.8
1012,Malaysia,2000,114.0
1013,Malaysia,2001,119.0
1014,Malaysia,2002,106.0
1015,Malaysia,2003,109.0
1016,Malaysia,2004,98.7
1017,Malaysia,2005,84.8
1018,Malaysia,2006,97.5
1019,Malaysia,2007,107.0
1020,Malaysia,2008,110.0
1021,Malaysia,2009,116.0
1022,Malaysia,2010,117.0
1023,Maldives,2000,89.7
1024,Maldives,2001,94.2
1025,Maldives,2002,94.3
1026,Maldives,2003,91.0
1027,Maldives,2004,98.5
1028,Maldives,2005,99.2
1029,Maldives,2006,96.6
1030,Maldives,2007,98.3
1031,Maldives,2008,101.0
1032,Maldives,2009,98.5
1033,Maldives,2010,101.0
1034,Mali,2000,38.4
1035,Mali,2001,37.9
1036,Mali,2002,39.6
1037,Mali,2003,36.8
1038,Mali,2004,35.6
1039,Mali,2005,35.2
1040,Mali,2006,37.6
1041,Mali,2007,36.6
1042,Mali,2008,37.0
1043,Mali,2009,34.8
1044,Mali,2010,29.4
1045,Malta,2000,135.0
1046,Malta,2001,142.0
1047,Malta,2002,144.0
1048,Malta,2003,147.0
1049,Malta,2004,150.0
1050,Malta,2005,149.0
1051,Malta,2006,137.0
1052,Malta,2007,137.0
1053,Malta,2008,162.0
1054,Malta,2009,174.0
1055,Malta,2010,171.0
1056,Mauritania,2000,113.0
1057,Mauritania,2001,112.0
1058,Mauritania,2002,100.0
1059,Mauritania,2003,92.2
1060,Mauritania,2004,94.0
1061,Mauritania,2005,88.7
1062,Mauritania,2006,89.7
1063,Mauritania,2007,105.0
1064,Mauritania,2008,98.3
1065,Mauritania,2009,98.3
1066,Mauritania,2010,97.6
1067,Mauritius,2000,104.0
1068,Mauritius,2001,111.0
1069,Mauritius,2002,101.0
1070,Mauritius,2003,106.0
1071,Mauritius,2004,103.0
1072,Mauritius,2005,103.0
1073,Mauritius,2006,106.0
1074,Mauritius,2007,103.0
1075,Mauritius,2008,96.4
1076,Mauritius,2009,96.7
1077,Mauritius,2010,88.0
1078,Mexico,2000,132.0
1079,Mexico,2001,137.0
1080,Mexico,2002,137.0
1081,Mexico,2003,138.0
1082,Mexico,2004,136.0
1083,Mexico,2005,127.0
1084,Mexico,2006,133.0
1085,Mexico,2007,133.0
1086,Mexico,2008,134.0
1087,Mexico,2009,136.0
1088,Mexico,2010,136.0
1089,Moldova,2000,69.0
1090,Moldova,2001,77.9
1091,Moldova,2002,73.2
1092,Moldova,2003,81.9
1093,Moldova,2004,76.7
1094,Moldova,2005,78.6
1095,Moldova,2006,82.0
1096,Moldova,2007,103.0
1097,Moldova,2008,85.9
1098,Moldova,2009,69.5
1099,Moldova,2010,64.2
1100,Mongolia,2000,33.2
1101,Mongolia,2001,36.0
1102,Mongolia,2002,32.2
1103,Mongolia,2003,32.3
1104,Mongolia,2004,33.3
1105,Mongolia,2005,37.0
1106,Mongolia,2006,36.7
1107,Mongolia,2007,34.2
1108,Mongolia,2008,39.2
1109,Mongolia,2009,36.4
1110,Mongolia,2010,35.7
1111,Montenegro,2000,
1112,Montenegro,2001,
1113,Montenegro,2002,
1114,Montenegro,2003,
1115,Montenegro,2004,
1116,Montenegro,2005,
1117,Montenegro,2006,126.0
1118,Montenegro,2007,130.0
1119,Montenegro,2008,127.0
1120,Montenegro,2009,121.0
1121,Montenegro,2010,118.0
1122,Morocco,2000,103.0
1123,Morocco,2001,99.5
1124,Morocco,2002,102.0
1125,Morocco,2003,99.7
1126,Morocco,2004,102.0
1127,Morocco,2005,103.0
1128,Morocco,2006,99.3
1129,Morocco,2007,108.0
1130,Morocco,2008,112.0
1131,Morocco,2009,113.0
1132,Morocco,2010,104.0
1133,Mozambique,2000,20.8
1134,Mozambique,2001,21.0
1135,Mozambique,2002,20.4
1136,Mozambique,2003,23.4
1137,Mozambique,2004,23.3
1138,Mozambique,2005,24.0
1139,Mozambique,2006,23.6
1140,Mozambique,2007,27.8
1141,Mozambique,2008,30.6
1142,Mozambique,2009,31.3
1143,Mozambique,2010,30.7
1144,Myanmar,2000,30.6
1145,Myanmar,2001,36.0
1146,Myanmar,2002,34.8
1147,Myanmar,2003,36.9
1148,Myanmar,2004,37.5
1149,Myanmar,2005,37.0
1150,Myanmar,2006,38.8
1151,Myanmar,2007,46.8
1152,Myanmar,2008,47.9
1153,Myanmar,2009,47.0
1154,Myanmar,2010,45.3
1155,Namibia,2000,62.4
1156,Namibia,2001,61.5
1157,Namibia,2002,60.8
1158,Namibia,2003,59.6
1159,Namibia,2004,59.0
1160,Namibia,2005,59.7
1161,Namibia,2006,57.5
1162,Namibia,2007,51.6
1163,Namibia,2008,42.9
1164,Namibia,2009,45.1
1165,Namibia,2010,46.0
1166,Nepal,2000,14.2
1167,Nepal,2001,13.6
1168,Nepal,2002,13.3
1169,Nepal,2003,13.7
1170,Nepal,2004,13.8
1171,Nepal,2005,12.9
1172,Nepal,2006,13.8
1173,Nepal,2007,13.9
1174,Nepal,2008,12.7
1175,Nepal,2009,12.5
1176,Nepal,2010,11.8
1177,Netherlands,2000,126.0
1178,Netherlands,2001,126.0
1179,Netherlands,2002,126.0
1180,Netherlands,2003,131.0
1181,Netherlands,2004,130.0
1182,Netherlands,2005,128.0
1183,Netherlands,2006,127.0
1184,Netherlands,2007,128.0
1185,Netherlands,2008,126.0
1186,Netherlands,2009,129.0
1187,Netherlands,2010,129.0
1188,New Zealand,2000,157.0
1189,New Zealand,2001,164.0
1190,New Zealand,2002,166.0
1191,New Zealand,2003,170.0
1192,New Zealand,2004,165.0
1193,New Zealand,2005,169.0
1194,New Zealand,2006,162.0
1195,New Zealand,2007,165.0
1196,New Zealand,2008,171.0
1197,New Zealand,2009,165.0
1198,New Zealand,2010,156.0
1199,Nicaragua,2000,103.0
1200,Nicaragua,2001,103.0
1201,Nicaragua,2002,102.0
1202,Nicaragua,2003,101.0
1203,Nicaragua,2004,100.0
1204,Nicaragua,2005,100.0
1205,Nicaragua,2006,101.0
1206,Nicaragua,2007,100.0
1207,Nicaragua,2008,108.0
1208,Nicaragua,2009,108.0
1209,Nicaragua,2010,114.0
1210,Niger,2000,18.5
1211,Niger,2001,15.8
1212,Niger,2002,14.4
1213,Niger,2003,17.3
1214,Niger,2004,19.6
1215,Niger,2005,18.8
1216,Niger,2006,17.5
1217,Niger,2007,15.8
1218,Niger,2008,15.3
1219,Niger,2009,18.4
1220,Niger,2010,13.3
1221,Nigeria,2000,22.0
1222,Nigeria,2001,29.2
1223,Nigeria,2002,29.2
1224,Nigeria,2003,28.5
1225,Nigeria,2004,28.8
1226,Nigeria,2005,27.5
1227,Nigeria,2006,25.6
1228,Nigeria,2007,26.1
1229,Nigeria,2008,26.8
1230,Nigeria,2009,27.9
1231,Nigeria,2010,28.4
1232,North Korea,2000,7.31
1233,North Korea,2001,7.93
1234,North Korea,2002,7.5
1235,North Korea,2003,8.51
1236,North Korea,2004,8.33
1237,North Korea,2005,6.42
1238,North Korea,2006,7.36
1239,North Korea,2007,13.4
1240,North Korea,2008,15.5
1241,North Korea,2009,13.5
1242,North Korea,2010,12.9
1243,Norway,2000,126.0
1244,Norway,2001,123.0
1245,Norway,2002,121.0
1246,Norway,2003,117.0
1247,Norway,2004,112.0
1248,Norway,2005,104.0
1249,Norway,2006,101.0
1250,Norway,2007,103.0
1251,Norway,2008,105.0
1252,Norway,2009,103.0
1253,Norway,2010,105.0
1254,Oman,2000,74.3
1255,Oman,2001,76.7
1256,Oman,2002,78.0
1257,Oman,2003,77.7
1258,Oman,2004,86.4
1259,Oman,2005,92.9
1260,Oman,2006,87.5
1261,Oman,2007,93.4
1262,Oman,2008,96.5
1263,Oman,2009,96.6
1264,Oman,2010,95.2
1265,Pakistan,2000,77.6
1266,Pakistan,2001,80.1
1267,Pakistan,2002,74.0
1268,Pakistan,2003,71.1
1269,Pakistan,2004,78.3
1270,Pakistan,2005,82.3
1271,Pakistan,2006,82.8
1272,Pakistan,2007,81.6
1273,Pakistan,2008,79.7
1274,Pakistan,2009,75.6
1275,Pakistan,2010,81.6
1276,Panama,2000,74.6
1277,Panama,2001,70.7
1278,Panama,2002,78.0
1279,Panama,2003,77.8
1280,Panama,2004,78.1
1281,Panama,2005,78.2
1282,Panama,2006,79.8
1283,Panama,2007,83.3
1284,Panama,2008,81.9
1285,Panama,2009,81.8
1286,Panama,2010,84.8
1287,Paraguay,2000,67.9
1288,Paraguay,2001,67.5
1289,Paraguay,2002,68.1
1290,Paraguay,2003,71.2
1291,Paraguay,2004,68.6
1292,Paraguay,2005,69.7
1293,Paraguay,2006,69.5
1294,Paraguay,2007,68.6
1295,Paraguay,2008,70.0
1296,Paraguay,2009,70.6
1297,Paraguay,2010,70.7
1298,Peru,2000,47.3
1299,Peru,2001,52.1
1300,Peru,2002,55.8
1301,Peru,2003,57.2
1302,Peru,2004,56.6
1303,Peru,2005,61.9
1304,Peru,2006,58.6
1305,Peru,2007,58.5
1306,Peru,2008,62.5
1307,Peru,2009,62.0
1308,Peru,2010,62.0
1309,Philippines,2000,78.6
1310,Philippines,2001,73.0
1311,Philippines,2002,74.5
1312,Philippines,2003,76.3
1313,Philippines,2004,75.9
1314,Philippines,2005,70.1
1315,Philippines,2006,67.5
1316,Philippines,2007,68.2
1317,Philippines,2008,70.6
1318,Philippines,2009,62.7
1319,Philippines,2010,63.3
1320,Poland,2000,125.0
1321,Poland,2001,126.0
1322,Poland,2002,126.0
1323,Poland,2003,126.0
1324,Poland,2004,123.0
1325,Poland,2005,119.0
1326,Poland,2006,119.0
1327,Poland,2007,119.0
1328,Poland,2008,115.0
1329,Poland,2009,119.0
1330,Poland,2010,119.0
1331,Portugal,2000,89.6
1332,Portugal,2001,89.0
1333,Portugal,2002,88.3
1334,Portugal,2003,89.8
1335,Portugal,2004,84.4
1336,Portugal,2005,84.1
1337,Portugal,2006,81.7
1338,Portugal,2007,79.0
1339,Portugal,2008,82.6
1340,Portugal,2009,79.5
1341,Portugal,2010,80.5
1342,Romania,2000,69.4
1343,Romania,2001,72.5
1344,Romania,2002,70.9
1345,Romania,2003,73.8
1346,Romania,2004,76.8
1347,Romania,2005,77.5
1348,Romania,2006,85.0
1349,Romania,2007,74.8
1350,Romania,2008,67.0
1351,Romania,2009,69.5
1352,Romania,2010,69.2
1353,Russia,2000,112.0
1354,Russia,2001,114.0
1355,Russia,2002,120.0
1356,Russia,2003,122.0
1357,Russia,2004,127.0
1358,Russia,2005,133.0
1359,Russia,2006,138.0
1360,Russia,2007,140.0
1361,Russia,2008,139.0
1362,Russia,2009,132.0
1363,Russia,2010,129.0
1364,Rwanda,2000,3.97
1365,Rwanda,2001,7.64
1366,Rwanda,2002,6.02
1367,Rwanda,2003,5.48
1368,Rwanda,2004,3.29
1369,Rwanda,2005,5.21
1370,Rwanda,2006,8.2
1371,Rwanda,2007,10.0
1372,Rwanda,2008,8.79
1373,Rwanda,2009,11.9
1374,Rwanda,2010,14.9
1375,Samoa,2000,71.1
1376,Samoa,2001,69.7
1377,Samoa,2002,68.7
1378,Samoa,2003,71.4
1379,Samoa,2004,80.3
1380,Samoa,2005,84.7
1381,Samoa,2006,85.2
1382,Samoa,2007,85.2
1383,Samoa,2008,102.0
1384,Samoa,2009,77.6
1385,Samoa,2010,79.2
1386,Sao Tome and Principe,2000,42.6
1387,Sao Tome and Principe,2001,48.5
1388,Sao Tome and Principe,2002,53.2
1389,Sao Tome and Principe,2003,52.1
1390,Sao Tome and Principe,2004,56.9
1391,Sao Tome and Principe,2005,56.9
1392,Sao Tome and Principe,2006,58.5
1393,Sao Tome and Principe,2007,59.6
1394,Sao Tome and Principe,2008,59.2
1395,Sao Tome and Principe,2009,60.5
1396,Sao Tome and Principe,2010,62.1
1397,Saudi Arabia,2000,84.0
1398,Saudi Arabia,2001,84.6
1399,Saudi Arabia,2002,84.2
1400,Saudi Arabia,2003,85.6
1401,Saudi Arabia,2004,84.6
1402,Saudi Arabia,2005,88.6
1403,Saudi Arabia,2006,89.4
1404,Saudi Arabia,2007,87.8
1405,Saudi Arabia,2008,88.8
1406,Saudi Arabia,2009,92.2
1407,Saudi Arabia,2010,90.7
1408,Senegal,2000,32.2
1409,Senegal,2001,41.0
1410,Senegal,2002,35.8
1411,Senegal,2003,35.9
1412,Senegal,2004,31.3
1413,Senegal,2005,32.8
1414,Senegal,2006,43.9
1415,Senegal,2007,42.9
1416,Senegal,2008,37.8
1417,Senegal,2009,42.0
1418,Senegal,2010,43.6
1419,Serbia,2000,
1420,Serbia,2001,
1421,Serbia,2002,
1422,Serbia,2003,
1423,Serbia,2004,
1424,Serbia,2005,
1425,Serbia,2006,84.7
1426,Serbia,2007,87.8
1427,Serbia,2008,70.4
1428,Serbia,2009,84.7
1429,Serbia,2010,66.7
1430,Sierra Leone,2000,14.1
1431,Sierra Leone,2001,13.5
1432,Sierra Leone,2002,13.8
1433,Sierra Leone,2003,15.7
1434,Sierra Leone,2004,14.9
1435,Sierra Leone,2005,14.6
1436,Sierra Leone,2006,18.5
1437,Sierra Leone,2007,18.4
1438,Sierra Leone,2008,18.3
1439,Sierra Leone,2009,18.3
1440,Sierra Leone,2010,10.4
1441,Slovak Republic,2000,99.6
1442,Slovak Republic,2001,89.6
1443,Slovak Republic,2002,87.3
1444,Slovak Republic,2003,86.2
1445,Slovak Republic,2004,108.0
1446,Slovak Republic,2005,131.0
1447,Slovak Republic,2006,121.0
1448,Slovak Republic,2007,111.0
1449,Slovak Republic,2008,140.0
1450,Slovak Republic,2009,143.0
1451,Slovak Republic,2010,144.0
1452,Slovenia,2000,57.8
1453,Slovenia,2001,55.0
1454,Slovenia,2002,55.2
1455,Slovenia,2003,55.6
1456,Slovenia,2004,62.2
1457,Slovenia,2005,65.3
1458,Slovenia,2006,62.9
1459,Slovenia,2007,65.7
1460,Slovenia,2008,66.1
1461,Slovenia,2009,67.1
1462,Slovenia,2010,71.6
1463,Solomon Islands,2000,17.9
1464,Solomon Islands,2001,17.9
1465,Solomon Islands,2002,19.5
1466,Solomon Islands,2003,22.6
1467,Solomon Islands,2004,23.1
1468,Solomon Islands,2005,28.4
1469,Solomon Islands,2006,36.9
1470,Solomon Islands,2007,22.4
1471,Solomon Islands,2008,36.5
1472,Solomon Islands,2009,29.2
1473,Solomon Islands,2010,35.8
1474,South Africa,2000,88.0
1475,South Africa,2001,86.0
1476,South Africa,2002,84.5
1477,South Africa,2003,87.3
1478,South Africa,2004,84.3
1479,South Africa,2005,84.2
1480,South Africa,2006,85.8
1481,South Africa,2007,84.0
1482,South Africa,2008,82.3
1483,South Africa,2009,83.2
1484,South Africa,2010,96.5
1485,South Korea,2000,96.3
1486,South Korea,2001,100.0
1487,South Korea,2002,103.0
1488,South Korea,2003,103.0
1489,South Korea,2004,103.0
1490,South Korea,2005,104.0
1491,South Korea,2006,104.0
1492,South Korea,2007,100.0
1493,South Korea,2008,99.9
1494,South Korea,2009,95.1
1495,South Korea,2010,104.0
1496,Spain,2000,81.0
1497,Spain,2001,81.7
1498,Spain,2002,81.5
1499,Spain,2003,81.7
1500,Spain,2004,81.9
1501,Spain,2005,81.9
1502,Spain,2006,82.8
1503,Spain,2007,81.7
1504,Spain,2008,82.8
1505,Spain,2009,82.9
1506,Spain,2010,83.2
1507,Sri Lanka,2000,85.2
1508,Sri Lanka,2001,83.8
1509,Sri Lanka,2002,85.9
1510,Sri Lanka,2003,78.5
1511,Sri Lanka,2004,76.0
1512,Sri Lanka,2005,72.4
1513,Sri Lanka,2006,83.0
1514,Sri Lanka,2007,72.2
1515,Sri Lanka,2008,88.2
1516,Sri Lanka,2009,69.8
1517,Sri Lanka,2010,79.4
1518,St. Lucia,2000,103.0
1519,St. Lucia,2001,110.0
1520,St. Lucia,2002,107.0
1521,St. Lucia,2003,99.0
1522,St. Lucia,2004,105.0
1523,St. Lucia,2005,100.0
1524,St. Lucia,2006,107.0
1525,St. Lucia,2007,112.0
1526,St. Lucia,2008,117.0
1527,St. Lucia,2009,116.0
1528,St. Lucia,2010,112.0
1529,St. Vincent and the Grenadines,2000,128.0
1530,St. Vincent and the Grenadines,2001,128.0
1531,St. Vincent and the Grenadines,2002,124.0
1532,St. Vincent and the Grenadines,2003,122.0
1533,St. Vincent and the Grenadines,2004,122.0
1534,St. Vincent and the Grenadines,2005,122.0
1535,St. Vincent and the Grenadines,2006,125.0
1536,St. Vincent and the Grenadines,2007,123.0
1537,St. Vincent and the Grenadines,2008,124.0
1538,St. Vincent and the Grenadines,2009,123.0
1539,St. Vincent and the Grenadines,2010,118.0
1540,Sudan,2000,43.0
1541,Sudan,2001,45.5
1542,Sudan,2002,52.6
1543,Sudan,2003,53.7
1544,Sudan,2004,58.1
1545,Sudan,2005,65.3
1546,Sudan,2006,66.4
1547,Sudan,2007,63.5
1548,Sudan,2008,63.8
1549,Sudan,2009,65.8
1550,Sudan,2010,65.5
1551,Suriname,2000,125.0
1552,Suriname,2001,126.0
1553,Suriname,2002,131.0
1554,Suriname,2003,133.0
1555,Suriname,2004,126.0
1556,Suriname,2005,131.0
1557,Suriname,2006,129.0
1558,Suriname,2007,132.0
1559,Suriname,2008,128.0
1560,Suriname,2009,128.0
1561,Suriname,2010,124.0
1562,Swaziland,2000,106.0
1563,Swaziland,2001,104.0
1564,Swaziland,2002,108.0
1565,Swaziland,2003,99.1
1566,Swaziland,2004,78.2
1567,Swaziland,2005,73.1
1568,Swaziland,2006,97.4
1569,Swaziland,2007,86.3
1570,Swaziland,2008,86.1
1571,Swaziland,2009,82.2
1572,Swaziland,2010,91.6
1573,Sweden,2000,129.0
1574,Sweden,2001,123.0
1575,Sweden,2002,115.0
1576,Sweden,2003,115.0
1577,Sweden,2004,113.0
1578,Sweden,2005,115.0
1579,Sweden,2006,113.0
1580,Sweden,2007,114.0
1581,Sweden,2008,111.0
1582,Sweden,2009,111.0
1583,Sweden,2010,106.0
1584,Switzerland,2000,149.0
1585,Switzerland,2001,147.0
1586,Switzerland,2002,157.0
1587,Switzerland,2003,156.0
1588,Switzerland,2004,163.0
1589,Switzerland,2005,161.0
1590,Switzerland,2006,164.0
1591,Switzerland,2007,162.0
1592,Switzerland,2008,163.0
1593,Switzerland,2009,159.0
1594,Switzerland,2010,161.0
1595,Tajikistan,2000,40.4
1596,Tajikistan,2001,31.9
1597,Tajikistan,2002,35.7
1598,Tajikistan,2003,37.0
1599,Tajikistan,2004,37.8
1600,Tajikistan,2005,38.7
1601,Tajikistan,2006,45.1
1602,Tajikistan,2007,44.7
1603,Tajikistan,2008,47.8
1604,Tajikistan,2009,50.3
1605,Tajikistan,2010,49.7
1606,Tanzania,2000,22.0
1607,Tanzania,2001,21.8
1608,Tanzania,2002,21.5
1609,Tanzania,2003,24.4
1610,Tanzania,2004,24.1
1611,Tanzania,2005,26.7
1612,Tanzania,2006,26.3
1613,Tanzania,2007,27.2
1614,Tanzania,2008,26.3
1615,Tanzania,2009,26.8
1616,Tanzania,2010,28.6
1617,Thailand,2000,79.7
1618,Thailand,2001,82.9
1619,Thailand,2002,84.8
1620,Thailand,2003,87.2
1621,Thailand,2004,91.6
1622,Thailand,2005,88.2
1623,Thailand,2006,104.0
1624,Thailand,2007,101.0
1625,Thailand,2008,104.0
1626,Thailand,2009,105.0
1627,Thailand,2010,108.0
1628,Timor-Leste,2000,12.6
1629,Timor-Leste,2001,17.4
1630,Timor-Leste,2002,15.8
1631,Timor-Leste,2003,16.2
1632,Timor-Leste,2004,17.9
1633,Timor-Leste,2005,13.5
1634,Timor-Leste,2006,19.8
1635,Timor-Leste,2007,21.4
1636,Timor-Leste,2008,25.6
1637,Timor-Leste,2009,27.3
1638,Timor-Leste,2010,27.2
1639,Togo,2000,7.76
1640,Togo,2001,7.85
1641,Togo,2002,12.8
1642,Togo,2003,15.0
1643,Togo,2004,16.1
1644,Togo,2005,15.5
1645,Togo,2006,18.0
1646,Togo,2007,21.6
1647,Togo,2008,23.8
1648,Togo,2009,27.9
1649,Togo,2010,30.5
1650,Trinidad and Tobago,2000,180.0
1651,Trinidad and Tobago,2001,182.0
1652,Trinidad and Tobago,2002,162.0
1653,Trinidad and Tobago,2003,163.0
1654,Trinidad and Tobago,2004,172.0
1655,Trinidad and Tobago,2005,170.0
1656,Trinidad and Tobago,2006,174.0
1657,Trinidad and Tobago,2007,172.0
1658,Trinidad and Tobago,2008,171.0
1659,Trinidad and Tobago,2009,171.0
1660,Trinidad and Tobago,2010,157.0
1661,Tunisia,2000,78.9
1662,Tunisia,2001,78.4
1663,Tunisia,2002,87.4
1664,Tunisia,2003,97.8
1665,Tunisia,2004,96.3
1666,Tunisia,2005,92.7
1667,Tunisia,2006,96.0
1668,Tunisia,2007,96.2
1669,Tunisia,2008,95.3
1670,Tunisia,2009,98.9
1671,Tunisia,2010,95.3
1672,Turkey,2000,84.2
1673,Turkey,2001,84.9
1674,Turkey,2002,76.2
1675,Turkey,2003,72.4
1676,Turkey,2004,77.9
1677,Turkey,2005,80.3
1678,Turkey,2006,88.0
1679,Turkey,2007,78.0
1680,Turkey,2008,84.2
1681,Turkey,2009,88.4
1682,Turkey,2010,90.5
1683,Turkmenistan,2000,30.6
1684,Turkmenistan,2001,28.9
1685,Turkmenistan,2002,28.0
1686,Turkmenistan,2003,26.6
1687,Turkmenistan,2004,25.2
1688,Turkmenistan,2005,24.9
1689,Turkmenistan,2006,25.1
1690,Turkmenistan,2007,23.1
1691,Turkmenistan,2008,24.7
1692,Turkmenistan,2009,22.1
1693,Turkmenistan,2010,22.8
1694,Uganda,2000,22.7
1695,Uganda,2001,21.5
1696,Uganda,2002,22.9
1697,Uganda,2003,24.1
1698,Uganda,2004,26.9
1699,Uganda,2005,25.1
1700,Uganda,2006,25.9
1701,Uganda,2007,25.7
1702,Uganda,2008,26.8
1703,Uganda,2009,29.4
1704,Uganda,2010,28.9
1705,Ukraine,2000,120.0
1706,Ukraine,2001,130.0
1707,Ukraine,2002,122.0
1708,Ukraine,2003,124.0
1709,Ukraine,2004,131.0
1710,Ukraine,2005,135.0
1711,Ukraine,2006,142.0
1712,Ukraine,2007,144.0
1713,Ukraine,2008,144.0
1714,Ukraine,2009,132.0
1715,Ukraine,2010,129.0
1716,United Arab Emirates,2000,101.0
1717,United Arab Emirates,2001,102.0
1718,United Arab Emirates,2002,103.0
1719,United Arab Emirates,2003,105.0
1720,United Arab Emirates,2004,105.0
1721,United Arab Emirates,2005,110.0
1722,United Arab Emirates,2006,103.0
1723,United Arab Emirates,2007,88.9
1724,United Arab Emirates,2008,89.7
1725,United Arab Emirates,2009,94.1
1726,United Arab Emirates,2010,107.0
1727,United Kingdom,2000,102.0
1728,United Kingdom,2001,111.0
1729,United Kingdom,2002,113.0
1730,United Kingdom,2003,111.0
1731,United Kingdom,2004,114.0
1732,United Kingdom,2005,103.0
1733,United Kingdom,2006,90.5
1734,United Kingdom,2007,99.0
1735,United Kingdom,2008,99.9
1736,United Kingdom,2009,106.0
1737,United Kingdom,2010,100.0
1738,United States,2000,189.0
1739,United States,2001,186.0
1740,United States,2002,193.0
1741,United States,2003,192.0
1742,United States,2004,194.0
1743,United States,2005,193.0
1744,United States,2006,187.0
1745,United States,2007,175.0
1746,United States,2008,170.0
1747,United States,2009,165.0
1748,United States,2010,167.0
1749,Uruguay,2000,89.3
1750,Uruguay,2001,76.3
1751,Uruguay,2002,99.8
1752,Uruguay,2003,99.1
1753,Uruguay,2004,97.3
1754,Uruguay,2005,97.4
1755,Uruguay,2006,98.0
1756,Uruguay,2007,97.6
1757,Uruguay,2008,100.0
1758,Uruguay,2009,104.0
1759,Uruguay,2010,106.0
1760,Uzbekistan,2000,41.8
1761,Uzbekistan,2001,27.1
1762,Uzbekistan,2002,18.6
1763,Uzbekistan,2003,12.3
1764,Uzbekistan,2004,13.2
1765,Uzbekistan,2005,22.6
1766,Uzbekistan,2006,34.2
1767,Uzbekistan,2007,56.1
1768,Uzbekistan,2008,33.4
1769,Uzbekistan,2009,28.6
1770,Uzbekistan,2010,28.3
1771,Vanuatu,2000,41.7
1772,Vanuatu,2001,40.9
1773,Vanuatu,2002,42.7
1774,Vanuatu,2003,42.5
1775,Vanuatu,2004,43.5
1776,Vanuatu,2005,42.6
1777,Vanuatu,2006,39.1
1778,Vanuatu,2007,51.0
1779,Vanuatu,2008,52.8
1780,Vanuatu,2009,54.3
1781,Vanuatu,2010,54.7
1782,Venezuela,2000,104.0
1783,Venezuela,2001,102.0
1784,Venezuela,2002,91.8
1785,Venezuela,2003,94.4
1786,Venezuela,2004,105.0
1787,Venezuela,2005,105.0
1788,Venezuela,2006,108.0
1789,Venezuela,2007,107.0
1790,Venezuela,2008,104.0
1791,Venezuela,2009,106.0
1792,Venezuela,2010,107.0
1793,Vietnam,2000,35.7
1794,Vietnam,2001,34.4
1795,Vietnam,2002,33.4
1796,Vietnam,2003,34.9
1797,Vietnam,2004,37.9
1798,Vietnam,2005,32.0
1799,Vietnam,2006,35.9
1800,Vietnam,2007,31.7
1801,Vietnam,2008,31.5
1802,Vietnam,2009,26.8
1803,Vietnam,2010,28.7
1804,Yemen,2000,64.8
1805,Yemen,2001,65.9
1806,Yemen,2002,66.8
1807,Yemen,2003,70.3
1808,Yemen,2004,69.5
1809,Yemen,2005,70.0
1810,Yemen,2006,73.1
1811,Yemen,2007,74.3
1812,Yemen,2008,73.6
1813,Yemen,2009,74.7
1814,Yemen,2010,78.6
1815,Zambia,2000,44.2
1816,Zambia,2001,31.2
1817,Zambia,2002,34.8
1818,Zambia,2003,32.8
1819,Zambia,2004,31.9
1820,Zambia,2005,30.0
1821,Zambia,2006,31.2
1822,Zambia,2007,27.0
1823,Zambia,2008,26.4
1824,Zambia,2009,28.5
1825,Zambia,2010,28.0
1826,Zimbabwe,2000,76.5
1827,Zimbabwe,2001,81.5
1828,Zimbabwe,2002,83.4
1829,Zimbabwe,2003,75.0
1830,Zimbabwe,2004,72.4
1831,Zimbabwe,2005,67.5
1832,Zimbabwe,2006,73.1
1833,Zimbabwe,2007,64.9
1834,Zimbabwe,2008,61.1
1835,Zimbabwe,2009,61.1
1836,Zimbabwe,2010,65.8
